#COMMA SEPARATED LATITUDE, LONGITUDE, AND VALUES AT DEPTHS (M):0,5,10,15,20,25,30,35,40,45,50,55,60,65,70,75,80,85,90,95,100,125,150,175,200,225,250,275,300,325,350,375,400,425,450,475,500,550,600,650,700,750,800,850,900,950,1000,1050,1100,1150,1200,1250,1300,1350,1400,1450,1500,1550,1600,1650,1700,1750,1800,1850,1900,1950,2000,2100,2200,2300,2400,2500,2600,2700,2800,2900,3000,3100,3200,3300,3400,3500,3600,3700,3800,3900,4000,4100,4200,4300,4400,4500,4600,4700,4800,4900,5000,5100,5200,5300,5400,5500
17.5,-87.5,28.619,28.627,28.575,28.557,28.542,28.493,28.446,28.359,28.282,28.053,27.855,27.718,27.577,27.355,26.967,26.672,26.467,26.168,25.733,25.386,25.107,23.272,21.092,19.428,18.188,16.932,15.657,14.698,13.697,12.93,12.13,11.268,10.603,10.22,9.816,9.491,9.405,8.561,,,,,,,,,,,,,,,,,,,,,,,,,,,,,,,,,,,,,,,,,,,,,,,,,,,,,,,,,,,,,,,,
17.5,-86.5,27.879,27.909,27.866,27.854,27.844,27.853,27.861,27.867,27.863,27.834,27.895,27.768,27.612,26.907,26.626,26.732,26.499,26.212,25.99,25.73,25.395,23.756,21.778,19.856,18.361,17.151,16.038,15.091,14.212,13.286,12.45,11.578,10.985,10.453,9.948,9.49,9.36,8.542,7.741,7.193,6.651,6.191,5.806,5.493,5.264,5.068,4.918,4.819,4.73,4.662,4.527,4.482,4.441,4.414,4.386,4.37,4.352,4.332,4.312,4.301,4.288,4.275,4.264,4.255,4.245,4.237,,,,,,,,,,,,,,,,,,,,,,,,,,,,,,,,,,,,
17.5,-85.5,28.332,28.331,27.943,27.939,27.937,27.936,27.937,27.938,27.87,27.83,27.783,27.524,27.386,27.317,27.164,27.008,26.846,26.644,26.4,26.179,25.996,24.456,22.582,20.956,19.544,18.153,17.142,16.128,15.306,14.502,13.665,12.957,12.204,11.201,10.645,10.075,9.608,8.804,8.021,7.37,6.836,6.402,5.938,5.591,5.301,5.07,4.907,4.789,4.699,4.629,4.557,4.508,4.461,4.425,4.394,4.37,4.347,4.34,4.321,4.307,4.294,4.282,4.273,4.264,4.255,4.245,,,,,,,,,,,,,,,,,,,,,,,,,,,,,,,,,,,,
17.5,-84.5,27.563,27.561,27.561,27.557,27.553,27.533,27.506,27.454,27.404,27.326,27.279,27.246,27.217,27.182,27.137,27.07,26.995,26.917,26.837,26.709,26.53,25.301,23.888,21.994,20.406,19.025,17.94,16.969,16.134,15.34,14.248,13.453,12.662,11.881,11.168,10.515,10.308,9.421,8.604,7.959,7.362,6.904,6.588,6.259,5.914,5.589,5.293,5.075,4.918,4.798,4.617,4.553,4.509,4.466,4.438,4.41,4.382,4.349,4.333,4.319,4.309,4.298,4.289,4.276,4.259,4.25,,,,,,,,,,,,,,,,,,,,,,,,,,,,,,,,,,,,
17.5,-83.5,28.327,28.315,28.317,28.301,28.296,28.262,28.228,28.223,28.192,28.118,27.971,27.866,27.768,27.649,27.488,27.324,27.192,27.01,26.802,26.601,26.434,24.984,23.116,21.469,19.769,18.598,17.375,16.328,15.444,14.721,13.854,13.018,12.14,11.365,10.709,10.156,9.795,8.942,8.147,7.476,6.899,6.429,5.963,5.576,5.293,5.083,4.933,4.81,4.711,4.635,4.52,4.472,4.442,4.416,4.392,4.368,4.351,4.327,4.314,4.301,4.289,4.275,4.263,4.254,4.242,4.241,4.219,,,,,,,,,,,,,,,,,,,,,,,,,,,,,,,,,,,
17.5,-82.5,28.394,28.36,28.293,28.247,28.192,28.156,28.114,28.051,27.992,27.913,27.835,27.723,27.634,27.545,27.255,27.254,27.114,26.868,26.674,26.51,26.295,24.801,23.096,21.313,19.623,18.364,17.827,16.893,15.6,14.622,13.753,12.939,12.241,11.639,10.947,10.369,9.886,8.91,8.093,7.469,6.871,6.379,5.883,5.56,5.279,5.083,4.909,4.781,4.704,4.629,4.533,4.484,4.443,4.412,4.387,4.366,4.347,4.322,4.307,4.295,4.283,4.272,4.26,4.267,4.257,4.248,4.24,,,,,,,,,,,,,,,,,,,,,,,,,,,,,,,,,,,
17.5,-81.5,28.236,28.253,28.248,28.21,28.199,28.178,28.162,28.129,28.118,28.089,28.018,27.954,27.901,27.832,27.726,27.585,27.45,27.277,27.081,26.956,26.806,25.701,24.184,22.455,20.178,18.592,17.034,16.218,15.404,14.5,13.785,12.993,12.324,11.73,11.101,10.624,10.108,9.39,8.58,7.844,7.227,6.671,6.4,6.012,5.604,5.279,5.038,4.871,4.767,4.674,,,,,,,,,,,,,,,,,,,,,,,,,,,,,,,,,,,,,,,,,,,,,,,,,,,,
17.5,-80.5,28.282,28.299,28.305,28.297,28.284,28.256,28.235,28.216,28.194,28.188,28.141,28.082,27.988,27.858,27.72,27.635,27.559,27.416,27.27,27.168,27.015,26.403,25.482,23.597,22.206,21.086,19.762,18.907,18.39,16.837,15.821,14.815,13.891,13.166,12.523,11.935,11.441,10.561,9.44,8.483,7.714,6.918,6.229,5.735,5.375,5.18,4.996,4.851,4.758,4.66,4.61,4.558,4.513,4.479,4.445,4.421,4.395,4.375,4.358,4.335,,,,,,,,,,,,,,,,,,,,,,,,,,,,,,,,,,,,,,,,,,
17.5,-79.5,29.246,29.152,28.692,28.679,28.674,28.663,28.656,28.638,28.609,28.55,28.515,28.457,28.389,28.328,28.219,28.132,28.007,27.841,27.671,27.478,27.219,26.29,25.084,23.641,22.032,20.745,19.602,18.616,17.885,17.276,16.695,16.012,15.276,14.511,13.745,13.061,12.373,11.073,9.913,8.899,8.019,7.281,6.712,6.27,5.919,5.576,5.322,5.083,4.859,4.744,,,,,,,,,,,,,,,,,,,,,,,,,,,,,,,,,,,,,,,,,,,,,,,,,,,,
17.5,-78.5,29.339,,,,,,,,,,,,,,,,,,,,,,,,,,,,,,,,,,,,,,,,,,,,,,,,,,,,,,,,,,,,,,,,,,,,,,,,,,,,,,,,,,,,,,,,,,,,,,,,,,,,,
17.5,-77.5,28.3,28.302,28.372,28.361,28.349,28.201,28.2,28.176,28.208,28.166,28.136,28.116,28.093,28.055,28.023,28.004,27.988,27.933,27.853,27.695,27.508,26.528,25.262,23.682,22.302,20.809,19.577,18.693,17.941,17.346,16.754,,,,,,,,,,,,,,,,,,,,,,,,,,,,,,,,,,,,,,,,,,,,,,,,,,,,,,,,,,,,,,,,,,,,,,,
18.5,-86.5,28.828,28.853,28.44,28.444,28.394,28.35,28.327,28.296,28.213,28.135,28.09,28.01,27.931,27.832,27.705,27.528,27.313,27.132,26.949,26.712,26.488,25.208,23.561,21.663,20.237,18.862,17.851,16.979,16.295,15.467,14.646,13.865,13.115,12.379,11.684,11.121,10.594,9.568,8.871,8.221,7.549,6.907,6.419,5.999,5.631,5.323,5.079,4.893,4.763,4.662,4.531,4.481,4.437,4.404,4.377,4.358,4.341,4.323,4.303,4.285,4.276,4.267,4.238,4.228,4.217,4.207,,,,,,,,,,,,,,,,,,,,,,,,,,,,,,,,,,,,
18.5,-85.5,28.32,28.328,28.358,28.342,28.295,28.271,28.248,28.221,28.2,28.113,28.033,27.932,27.84,27.734,27.573,27.434,27.368,27.183,27.027,26.87,26.668,25.479,23.97,22.255,20.774,19.597,18.588,17.779,17.015,16.258,15.637,14.929,14.139,13.394,12.642,11.963,11.268,10.162,9.285,8.565,7.912,7.122,6.55,6.083,5.694,5.372,5.117,4.939,4.815,4.711,4.635,4.565,4.511,4.464,4.429,4.398,4.37,4.35,4.333,4.319,4.308,4.297,4.288,4.279,4.269,4.259,,,,,,,,,,,,,,,,,,,,,,,,,,,,,,,,,,,,
18.5,-84.5,27.894,27.839,27.857,27.841,27.816,27.793,27.776,27.749,27.701,27.665,27.61,27.533,27.484,27.428,27.371,27.325,27.251,27.14,27.046,26.945,26.768,25.835,24.385,22.777,21.235,19.825,18.654,17.755,16.917,16.068,15.183,14.574,13.895,12.986,12.234,11.594,11.376,10.261,9.424,8.568,7.918,7.242,6.672,6.185,5.712,5.388,5.143,4.957,4.847,4.723,4.684,4.604,4.545,4.49,4.447,4.418,4.389,4.374,4.353,4.335,4.319,4.306,4.295,4.281,4.271,4.264,,,,,,,,,,,,,,,,,,,,,,,,,,,,,,,,,,,,
18.5,-83.5,28.568,28.543,28.511,28.483,28.456,28.426,28.394,28.356,28.31,28.264,28.212,28.168,28.13,28.025,27.878,27.794,27.677,27.55,27.416,27.271,27.099,26.082,24.733,23.215,21.682,20.254,19.016,17.991,17.188,16.321,15.474,14.714,13.839,13.083,12.328,11.75,11.42,10.319,9.388,8.611,7.868,7.209,6.543,6.053,5.66,5.312,5.069,4.899,4.777,4.689,4.641,4.568,4.516,4.473,4.44,4.411,4.382,4.356,4.339,4.333,4.318,4.291,4.271,4.261,4.25,4.241,4.226,,,,,,,,,,,,,,,,,,,,,,,,,,,,,,,,,,,
18.5,-82.5,28.984,28.988,28.993,28.975,28.925,28.871,28.798,28.767,28.734,28.641,28.564,28.442,28.338,28.228,28.097,27.937,27.769,27.633,27.479,27.343,27.203,26.266,25.143,23.561,21.865,20.443,19.245,18.328,17.659,16.998,16.4,15.695,14.928,14.146,13.515,12.848,12.205,11.132,10.322,9.432,8.581,7.812,7.098,6.499,5.993,5.574,5.237,5.001,4.847,4.732,4.635,4.573,4.517,4.47,4.437,4.407,4.38,4.358,4.343,4.327,4.312,4.296,4.283,4.27,4.259,4.251,4.263,,,,,,,,,,,,,,,,,,,,,,,,,,,,,,,,,,,
18.5,-81.5,28.152,28.218,28.124,28.104,28.072,28.04,28.01,27.981,27.961,27.931,27.883,27.817,27.747,27.682,27.621,27.518,27.418,27.322,27.237,27.153,27.094,26.524,25.663,24.417,22.853,21.377,20.088,18.875,17.95,17.174,16.422,15.655,14.906,14.214,13.46,12.794,12.093,10.92,9.989,9.111,8.266,7.491,6.927,6.423,5.955,5.531,5.228,4.994,4.828,4.703,4.635,4.572,4.517,4.476,4.437,4.405,4.379,4.354,4.34,4.326,4.311,4.296,4.284,4.27,4.26,4.251,4.266,,,,,,,,,,,,,,,,,,,,,,,,,,,,,,,,,,,
18.5,-80.5,27.63,27.628,27.774,27.74,27.729,27.713,27.704,27.705,27.69,27.674,27.662,27.626,27.577,27.531,27.485,27.448,27.364,27.249,27.19,27.093,26.975,26.275,25.093,23.866,22.361,20.835,19.664,18.692,18.077,17.499,16.888,16.174,15.492,14.717,13.965,13.254,12.572,11.235,10.12,9.161,8.359,7.592,6.988,6.452,5.959,5.57,5.237,5.003,4.84,4.71,4.66,4.579,4.523,4.489,4.461,4.42,4.389,4.368,4.347,4.33,4.316,4.302,4.283,4.257,4.243,4.232,,,,,,,,,,,,,,,,,,,,,,,,,,,,,,,,,,,,
18.5,-79.5,28.237,28.231,28.178,28.162,28.139,28.12,28.103,28.073,28.03,27.969,27.932,27.89,27.931,27.866,27.791,27.699,27.607,27.508,27.407,27.28,27.123,25.955,24.718,23.352,21.822,20.598,19.605,18.721,18.084,17.475,16.933,16.303,15.628,14.893,14.178,13.453,12.761,11.523,10.375,9.313,8.399,7.611,6.942,6.409,5.956,5.569,5.252,5.012,4.841,4.704,,,,,,,,,,,,,,,,,,,,,,,,,,,,,,,,,,,,,,,,,,,,,,,,,,,,
18.5,-78.5,29.085,29.085,29.011,28.974,28.95,28.913,28.85,28.743,28.651,28.515,28.384,28.283,28.197,28.102,28.032,27.949,27.861,27.785,27.668,27.552,27.396,26.573,25.837,24.623,22.888,21.192,19.977,18.942,18.149,17.486,16.908,16.207,15.457,14.758,14.066,13.354,12.65,11.387,10.199,9.209,8.334,7.581,6.949,6.398,5.942,5.571,5.28,5.05,4.925,4.788,,,,,,,,,,,,,,,,,,,,,,,,,,,,,,,,,,,,,,,,,,,,,,,,,,,,
19.5,-95.5,28.628,28.625,28.618,28.497,27.937,26.665,26.449,25.806,25.256,24.5,23.884,23.303,22.747,22.315,21.845,21.502,21.149,20.784,20.427,20.018,19.683,18.047,16.755,15.729,14.636,13.746,12.933,12.2,11.533,10.969,10.472,10.051,9.659,9.102,8.764,8.408,8.131,7.549,7.059,6.589,6.217,5.905,5.641,5.416,,,,,,,,,,,,,,,,,,,,,,,,,,,,,,,,,,,,,,,,,,,,,,,,,,,,,,,,,,
19.5,-94.5,27.869,27.842,27.719,27.547,27.053,26.579,26.034,25.427,24.803,24.35,23.992,23.686,23.43,23.136,22.883,22.574,22.286,21.928,21.584,21.224,20.902,19.209,17.784,16.407,15.039,14.347,13.462,12.729,12.009,11.376,10.846,10.33,9.902,9.526,9.147,8.806,8.455,7.817,7.323,6.871,6.489,6.149,5.83,5.536,5.297,5.075,4.887,4.726,4.601,4.5,4.403,4.354,4.32,4.292,4.283,4.276,4.269,4.265,4.26,4.257,4.256,4.253,,,,,,,,,,,,,,,,,,,,,,,,,,,,,,,,,,,,,,,,
19.5,-93.5,29.2,29.2,29.2,29.2,29.2,29.2,29.2,29.2,29.2,27.618,26.7,25.71,24.8,23.7,22.615,22.189,21.693,21.103,20.694,20.355,20.012,18.257,16.781,15.659,14.716,13.342,12.481,11.947,11.402,10.912,10.772,10.442,10.065,9.64,9.166,8.789,8.522,7.954,,,,,,,,,,,,,,,,,,,,,,,,,,,,,,,,,,,,,,,,,,,,,,,,,,,,,,,,,,,,,,,,
19.5,-86.5,28.381,28.38,27.936,28.175,28.154,28.144,28.13,28.096,28.018,27.927,27.849,27.674,27.498,27.418,27.301,27.085,26.924,26.852,26.678,26.58,26.497,25.347,23.316,21.839,20.544,19.359,18.265,17.245,16.357,15.54,14.82,14.04,13.183,12.596,11.922,11.273,10.74,9.824,9.177,8.521,7.992,7.479,6.957,6.546,5.854,5.442,5.339,5.078,4.898,4.777,4.655,4.585,4.526,4.476,4.438,4.412,4.385,4.367,4.347,4.329,4.316,4.305,4.291,4.279,4.265,4.252,,,,,,,,,,,,,,,,,,,,,,,,,,,,,,,,,,,,
19.5,-85.5,28.657,28.597,28.581,28.577,28.566,28.556,28.532,28.465,28.389,28.261,28.198,28.065,28.017,27.848,27.678,27.527,27.405,27.043,27.113,26.969,26.817,26.145,25.036,23.826,22.056,20.844,19.89,18.947,18.02,17.298,16.567,15.835,15.022,14.341,13.557,12.823,12.109,10.88,9.845,9.033,8.238,7.617,6.953,6.374,5.909,5.498,5.241,5.014,4.85,4.733,4.643,4.571,4.508,4.464,4.432,4.404,4.38,4.361,4.345,4.331,4.319,4.308,4.299,4.279,4.269,4.26,,,,,,,,,,,,,,,,,,,,,,,,,,,,,,,,,,,,
19.5,-84.5,28.757,28.743,28.712,28.695,28.686,28.673,28.662,28.643,28.623,28.59,28.532,28.423,28.283,28.219,28.133,28.047,27.985,27.927,27.825,27.713,27.572,26.892,25.732,24.149,22.278,20.895,19.534,18.381,17.507,16.77,15.999,15.221,14.491,13.848,13.068,12.405,12.148,10.878,9.844,8.975,8.179,7.42,6.949,6.356,5.88,5.507,5.231,5.014,4.862,4.742,4.65,4.572,4.511,4.463,4.425,4.396,4.367,4.348,4.329,4.312,4.3,4.288,4.277,4.267,4.257,4.246,,,,,,,,,,,,,,,,,,,,,,,,,,,,,,,,,,,,
19.5,-83.5,28.795,28.825,28.832,28.827,28.581,28.673,28.574,28.534,28.482,28.411,28.333,28.229,28.147,28.045,27.964,27.854,27.814,27.745,27.6,27.429,27.235,26.375,25.482,24.29,23.02,21.612,20.229,19.194,18.317,17.462,16.665,16.028,15.424,14.677,13.974,13.254,13.105,11.867,10.829,9.974,9.144,8.372,6.787,6.406,5.924,5.473,5.251,5.064,4.832,4.697,4.627,4.561,4.514,4.469,4.428,4.395,4.374,4.353,4.331,4.312,4.3,4.283,4.27,,,,,,,,,,,,,,,,,,,,,,,,,,,,,,,,,,,,,,,
19.5,-82.5,28.833,28.815,28.789,28.774,28.741,28.654,28.537,28.471,28.404,28.328,28.246,28.163,28.088,27.989,27.904,27.828,27.754,27.642,27.558,27.463,27.371,26.461,25.532,24.376,22.967,21.659,20.278,19.239,18.41,17.709,16.986,16.264,15.582,14.852,14.179,13.495,12.83,11.523,10.505,9.592,8.727,7.893,7.265,6.675,6.111,5.702,5.363,5.105,4.905,4.768,4.661,4.583,4.523,4.474,4.432,4.404,4.381,4.352,4.334,4.319,4.304,4.29,4.277,4.267,4.257,4.247,,,,,,,,,,,,,,,,,,,,,,,,,,,,,,,,,,,,
19.5,-81.5,29.22,29.186,28.774,28.726,28.682,28.607,28.461,28.361,28.207,28.064,27.979,27.856,27.74,27.659,27.52,27.442,27.311,27.193,27.074,26.964,26.869,26.153,25.361,24.235,22.914,21.401,20.037,19.108,18.268,17.604,16.944,16.224,15.514,14.761,14.009,13.272,12.592,11.409,10.397,9.549,8.688,7.922,7.265,6.674,6.164,5.705,5.394,5.126,4.948,4.778,4.666,4.585,4.525,4.481,4.44,4.408,4.383,4.358,4.343,4.328,4.313,4.3,4.288,4.277,4.267,4.255,,,,,,,,,,,,,,,,,,,,,,,,,,,,,,,,,,,,
19.5,-80.5,28.342,28.339,28.562,28.556,28.518,28.422,28.367,28.326,28.26,28.187,28.114,27.969,27.841,27.675,27.503,27.348,27.177,27.046,26.89,26.761,26.598,25.84,24.836,23.776,22.332,20.925,19.664,18.774,18.055,17.426,16.844,16.255,15.566,14.912,14.249,13.49,12.908,11.712,10.579,9.486,8.489,7.646,7.027,6.4,5.909,5.519,5.229,5.002,4.824,4.717,4.63,4.568,4.511,4.462,4.431,4.405,4.38,4.362,4.339,4.326,4.314,4.298,4.29,4.274,4.263,4.258,,,,,,,,,,,,,,,,,,,,,,,,,,,,,,,,,,,,
19.5,-79.5,27.145,27.145,27.453,27.446,27.44,27.428,27.412,27.398,27.382,27.364,27.29,27.226,27.179,27.144,27.103,27.06,27.005,26.951,26.882,26.807,26.699,25.604,24.133,22.715,21.405,20.307,19.454,18.699,18.17,17.647,17.184,16.701,16.093,15.475,14.838,14.218,13.605,12.258,11.101,10.018,8.99,8.02,7.25,6.619,6.097,5.692,5.37,5.113,4.91,4.777,4.545,4.468,4.435,4.405,4.393,4.388,4.372,4.353,4.33,,,,,,,,,,,,,,,,,,,,,,,,,,,,,,,,,,,,,,,,,,,
19.5,-78.5,27.583,27.583,27.63,27.622,27.621,27.605,27.548,27.499,27.475,27.456,27.423,27.3,27.215,27.187,27.259,27.053,26.961,26.938,26.752,26.64,26.523,25.611,24.382,22.998,21.773,20.566,19.664,18.845,18.24,17.731,17.22,16.696,16.119,15.488,14.864,14.235,13.609,12.397,11.193,10.005,8.916,7.952,7.175,6.575,6.102,5.708,5.388,5.121,4.942,4.79,4.612,4.53,4.476,4.436,4.402,4.378,4.353,4.338,4.325,4.313,4.296,4.281,4.268,4.254,4.235,4.227,,,,,,,,,,,,,,,,,,,,,,,,,,,,,,,,,,,,
19.5,-77.5,28.19,28.193,28.275,28.268,28.256,28.244,28.176,28.095,28.056,27.97,27.873,27.801,27.739,27.696,27.638,27.509,27.339,27.229,27.109,26.994,26.73,25.724,24.575,23.312,22.02,20.868,19.743,18.912,18.226,17.637,17.169,16.413,15.813,15.196,14.562,13.917,13.267,12.169,11.06,10.002,9.003,8.067,7.239,6.605,6.117,5.752,5.45,5.189,4.991,4.831,,,,,,,,,,,,,,,,,,,,,,,,,,,,,,,,,,,,,,,,,,,,,,,,,,,,
20.5,-95.5,27.691,27.676,27.59,27.501,27.358,27.151,26.799,26.361,25.772,24.995,24.31,23.581,22.935,22.323,21.694,21.192,20.673,20.185,19.744,19.282,18.859,17.175,15.959,14.935,14.004,13.244,12.532,11.869,11.286,10.745,10.241,9.763,9.39,9.008,8.646,8.318,8.006,7.471,7,6.578,6.218,5.902,5.613,5.379,5.164,4.973,4.793,4.636,4.525,4.445,4.417,4.372,4.336,4.312,4.296,4.285,4.277,4.265,4.261,4.258,4.256,4.255,4.256,4.257,4.259,4.26,,,,,,,,,,,,,,,,,,,,,,,,,,,,,,,,,,,,
20.5,-94.5,28.466,28.409,28.417,28.404,28.283,28.028,27.485,27.089,26.521,25.786,25.184,24.634,24.107,23.669,23.255,22.814,22.425,22.04,21.699,21.372,21.014,19.376,17.959,16.779,15.769,14.876,14.045,13.313,12.637,12.018,11.441,10.927,10.462,10.051,9.635,9.201,8.839,8.167,7.603,7.09,6.672,6.319,5.968,5.617,5.373,5.165,5,4.786,4.641,4.536,4.518,4.463,4.401,4.348,4.32,4.301,4.274,4.27,4.266,4.265,4.261,4.261,4.262,4.266,4.268,4.27,,,,,,,,,,,,,,,,,,,,,,,,,,,,,,,,,,,,
20.5,-93.5,27.797,27.79,27.777,27.754,27.731,27.687,27.569,27.312,26.232,25.667,24.853,24.248,23.76,23.326,22.984,22.611,22.259,21.838,21.522,21.184,20.769,19.032,17.598,16.393,15.333,14.583,13.679,12.946,12.196,11.547,10.966,10.484,10.069,9.641,9.195,8.811,8.469,7.905,7.363,6.936,6.519,6.143,5.857,5.596,5.361,5.153,4.973,4.824,4.699,4.582,4.548,4.476,4.412,4.368,4.339,4.312,4.29,4.286,4.276,4.268,4.264,4.264,4.263,4.263,4.267,4.27,,,,,,,,,,,,,,,,,,,,,,,,,,,,,,,,,,,,
20.5,-92.5,29.02,29.019,29.08,29.016,29.016,28.82,28.53,28.19,27.562,26.374,25.332,24.407,23.638,22.956,22.473,22.06,21.766,21.439,21.167,20.85,20.577,19.217,18.145,17.094,16.156,15.281,14.434,13.652,12.821,12.232,11.676,11.182,10.751,10.324,9.905,9.471,9.061,8.388,7.848,7.246,6.765,6.412,6.136,5.877,5.631,5.407,5.2,5.026,4.857,4.695,,,,,,,,,,,,,,,,,,,,,,,,,,,,,,,,,,,,,,,,,,,,,,,,,,,,
20.5,-85.5,28.311,28.316,28.316,28.317,28.318,28.316,28.314,28.31,27.976,27.956,27.952,28.288,28.193,28.061,27.871,27.734,27.65,27.58,27.493,27.42,27.316,27.262,26.563,25.635,24.973,22.498,21.51,20.418,19.411,18.566,17.642,16.687,15.873,15.128,14.302,13.485,12.796,11.282,10.255,9.338,8.58,7.807,6.892,6.297,5.854,5.445,5.144,4.931,4.792,4.673,4.59,4.529,4.484,4.448,4.422,4.397,4.379,4.364,4.353,4.343,4.333,4.324,4.317,,,,,,,,,,,,,,,,,,,,,,,,,,,,,,,,,,,,,,,
20.5,-84.5,28.484,28.383,28.32,28.611,28.611,28.624,28.547,28.421,28.084,27.976,27.884,28.112,27.996,27.908,27.835,27.767,27.718,27.664,27.591,27.523,27.264,26.768,26.25,24.956,23.533,22.162,20.818,19.527,18.584,17.817,17.125,16.488,15.813,15.055,14.355,13.676,13.022,11.835,10.751,9.736,8.737,7.936,7.305,6.708,6.19,5.489,5.221,5.017,4.867,4.741,4.643,4.575,4.52,4.473,4.431,4.4,4.375,4.355,4.337,4.323,4.311,4.3,4.289,,,,,,,,,,,,,,,,,,,,,,,,,,,,,,,,,,,,,,,
20.5,-83.5,29.46,29.508,29.528,29.535,29.538,29.517,29.507,29.467,29.417,29.098,29.022,28.765,28.505,28.228,27.969,27.68,27.435,27.204,26.998,26.815,26.621,25.689,24.623,23.651,22.554,21.146,20.049,19.256,18.473,17.804,17.153,16.521,15.889,15.306,14.703,14.052,13.341,12.06,10.872,9.834,9.073,8.291,7.398,6.857,6.315,5.888,5.49,5.214,4.978,4.802,4.678,4.595,4.528,4.48,4.442,4.412,4.389,,,,,,,,,,,,,,,,,,,,,,,,,,,,,,,,,,,,,,,,,,,,,
20.5,-82.5,28.437,28.309,28.276,28.379,28.359,28.324,28.287,28.214,28.168,28.111,28.026,27.899,27.801,27.701,27.608,27.462,27.321,27.156,27.001,26.882,26.728,26.084,25.06,23.719,22.381,21.21,20.13,19.237,18.495,17.867,17.225,16.626,16.025,15.366,14.698,13.999,13.296,12.05,10.875,9.82,8.894,7.974,7.2,6.61,6.125,5.667,5.379,5.161,4.955,4.795,4.683,4.597,4.533,4.483,4.443,4.411,4.385,4.364,4.347,4.332,4.316,4.302,4.289,4.278,4.267,4.257,,,,,,,,,,,,,,,,,,,,,,,,,,,,,,,,,,,,
20.5,-81.5,26.929,26.924,27.373,27.364,27.358,27.354,27.348,27.331,27.319,27.314,27.305,27.292,27.274,27.263,27.258,27.226,27.131,26.955,26.698,26.425,26.178,25.257,23.837,22.587,21.298,20.26,19.444,18.731,18.161,17.633,17.166,16.648,15.998,15.403,14.809,14.207,13.478,12.326,11.084,9.928,8.87,7.871,7.112,6.568,6.012,5.615,5.328,5.114,4.894,4.74,4.673,4.6,4.535,4.496,4.448,4.411,4.39,4.371,4.354,4.328,4.314,4.302,4.291,4.283,4.274,4.265,,,,,,,,,,,,,,,,,,,,,,,,,,,,,,,,,,,,
20.5,-80.5,29.472,29.461,29.304,29.213,29.176,29.103,29.025,28.964,28.897,28.755,28.612,28.408,28.148,27.898,27.621,27.334,27.115,26.91,26.587,26.319,26.083,24.883,23.577,22.277,21.017,20.007,19.171,18.459,17.877,17.388,16.849,16.297,15.709,15.059,14.444,13.835,13.223,11.968,10.803,9.764,8.779,7.86,7.095,6.538,6.061,5.641,5.297,5.039,4.843,4.697,4.604,4.521,4.463,4.427,4.393,4.37,4.353,4.334,4.318,4.302,4.288,4.276,4.269,4.261,4.254,4.246,4.245,,,,,,,,,,,,,,,,,,,,,,,,,,,,,,,,,,,
20.5,-79.5,28.977,28.972,29.163,29.132,29.094,29.041,28.997,28.947,28.851,28.722,28.585,28.381,27.933,27.684,27.532,27.3,27.107,26.918,26.73,26.544,26.267,25.271,23.964,22.687,21.426,20.361,19.512,18.758,18.177,17.659,17.121,16.543,15.97,15.34,14.676,14.084,13.505,12.201,11.085,9.984,9.034,8.113,7.242,6.601,6.091,5.708,5.386,5.091,4.879,4.727,4.629,4.551,4.487,4.436,4.404,4.378,4.358,4.339,4.322,4.308,4.295,4.283,4.271,4.26,4.251,4.243,4.239,,,,,,,,,,,,,,,,,,,,,,,,,,,,,,,,,,,
21.5,-96.5,27.225,27.201,27.157,27.075,26.935,26.769,26.632,26.329,25.724,25.071,24.504,24.025,23.582,23.187,22.87,22.543,22.267,22.005,21.707,21.374,21.042,19.485,18.092,16.884,15.835,14.843,13.981,13.207,12.46,11.802,11.224,10.717,10.25,9.944,9.513,9.13,8.786,8.164,7.581,7.085,6.634,6.248,5.921,5.644,5.39,,,,,,,,,,,,,,,,,,,,,,,,,,,,,,,,,,,,,,,,,,,,,,,,,,,,,,,,,
21.5,-95.5,27.763,27.723,27.709,27.677,27.572,27.399,27.072,26.721,26.334,25.797,25.223,24.762,24.322,23.836,23.461,23.039,22.647,22.3,21.95,21.566,21.204,19.545,18.122,16.89,15.843,14.886,14.041,13.308,12.624,11.962,11.337,10.85,10.364,9.947,9.56,9.208,8.873,8.259,7.667,7.146,6.705,6.315,5.977,5.681,5.425,5.19,4.99,4.809,4.656,4.542,4.461,4.404,4.364,4.336,4.314,4.297,4.287,4.274,4.268,4.265,4.263,4.262,4.262,4.263,4.264,4.265,4.275,,,,,,,,,,,,,,,,,,,,,,,,,,,,,,,,,,,
21.5,-94.5,27.756,27.705,27.676,27.66,27.502,27.484,27.297,26.878,26.374,25.799,25.314,24.924,24.472,24.047,23.589,23.306,22.977,22.825,22.524,22.207,21.923,20.423,18.808,17.521,16.43,15.447,14.55,13.745,13.021,12.338,11.707,11.182,10.69,10.221,9.806,9.444,9.081,8.415,7.839,7.32,6.882,6.499,6.129,5.864,5.583,5.361,5.151,4.963,4.832,4.69,4.584,4.501,4.436,4.387,4.357,4.318,4.314,4.3,4.292,4.286,4.282,4.279,4.277,4.276,4.277,4.277,4.281,,,,,,,,,,,,,,,,,,,,,,,,,,,,,,,,,,,
21.5,-93.5,27.429,27.363,27.32,27.31,27.281,27.071,26.884,26.383,26.047,25.749,25.45,25,24.715,24.341,24.042,23.68,23.164,22.613,22.232,21.713,21.487,19.867,18.415,17.243,16.203,15.355,14.491,13.762,13.063,12.356,11.713,11.23,10.715,10.205,9.765,9.372,8.989,8.391,7.824,7.349,6.914,6.38,6.042,5.79,5.65,5.439,5.226,5.048,4.874,4.746,4.61,4.507,4.45,4.392,4.355,4.337,4.315,4.301,4.287,4.281,4.278,4.276,4.271,4.272,4.271,4.271,,,,,,,,,,,,,,,,,,,,,,,,,,,,,,,,,,,,
21.5,-92.5,29.3,29.6,29.6,29.6,29.6,29.583,29.515,29.442,28.711,27.3,25.297,24.534,24.022,23.501,23,22.756,22.3,21.8,21.3,20.8,20.252,18.406,17.536,16.567,15.519,14.701,13.892,13.136,12.556,11.865,11.526,11.195,,,,,,,,,,,,,,,,,,,,,,,,,,,,,,,,,,,,,,,,,,,,,,,,,,,,,,,,,,,,,,,,,,,,,,
21.5,-85.5,28.105,28.086,28.078,28.064,28.052,28.027,28.016,27.942,27.906,27.83,27.679,27.624,27.638,27.471,27.366,27.172,27.139,27.055,26.956,26.85,26.678,25.795,24.63,23.181,21.615,20.277,19.016,18.257,17.611,16.922,16.287,15.669,15.068,14.433,13.735,13.074,12.491,11.461,10.5,9.572,8.743,7.967,6.371,6.054,5.83,5.467,5.108,4.857,4.733,4.645,4.594,4.544,4.488,4.434,4.384,4.359,4.338,4.327,4.321,4.313,4.302,4.266,,,,,,,,,,,,,,,,,,,,,,,,,,,,,,,,,,,,,,,,
21.5,-84.5,30.388,30.377,30.323,30.067,29.793,29.605,29.534,29.444,29.734,29.655,29.546,29.427,29.335,29.2,29.077,28.899,28.651,28.292,27.905,27.682,27.481,26.534,25.144,23.465,22.449,21.204,20.11,19.237,18.423,17.741,17.025,16.018,15.215,14.476,13.751,12.989,12.243,11.089,9.914,9.416,8.305,7.654,,,,,,,,,,,,,,,,,,,,,,,,,,,,,,,,,,,,,,,,,,,,,,,,,,,,,,,,,,,,
22.5,-96.5,26.259,26.258,26.254,26.245,26.213,26.067,25.877,25.663,25.543,25.434,25.208,24.795,24.423,24.074,23.775,23.48,23.209,22.925,22.657,22.37,22.071,20.458,19.043,17.83,16.7,15.659,14.726,13.892,13.143,12.43,11.768,11.201,10.719,10.229,9.789,9.396,9.014,8.348,7.736,7.206,6.751,6.361,6.021,5.721,5.465,5.233,5.024,4.846,4.671,4.547,4.483,4.417,4.371,4.338,4.313,4.301,4.305,4.297,4.292,4.292,4.287,4.281,,,,,,,,,,,,,,,,,,,,,,,,,,,,,,,,,,,,,,,,
22.5,-95.5,26.388,26.384,26.372,26.358,26.341,26.32,26.239,25.8,25.165,24.902,24.607,24.586,24.347,24.107,23.882,23.673,23.463,23.231,23.008,22.644,22.344,21.09,19.353,18,16.893,15.519,14.656,13.845,13.057,12.421,11.802,11.234,10.769,10.295,9.856,9.414,9.014,8.31,7.711,7.17,6.723,6.332,6.012,5.716,5.461,5.231,5.039,4.847,4.684,4.574,4.466,4.404,4.366,4.34,4.317,4.299,4.289,4.289,4.281,4.275,4.273,4.27,4.269,4.268,4.269,4.269,,,,,,,,,,,,,,,,,,,,,,,,,,,,,,,,,,,,
22.5,-94.5,26.956,26.927,26.895,26.838,26.73,26.449,26.336,26.098,25.876,25.53,25.208,24.832,24.521,24.208,23.816,23.461,23.135,22.842,22.556,22.218,21.924,20.65,19.418,18.126,17.017,16.032,15.137,14.268,13.501,12.811,12.137,11.552,10.995,10.473,10.044,9.64,9.259,8.566,7.963,7.416,6.948,6.541,6.198,5.882,5.614,5.383,5.173,4.963,4.837,4.703,4.601,4.52,4.459,4.411,4.375,4.348,4.315,4.302,4.294,4.288,4.284,4.28,4.279,4.278,4.278,4.279,4.281,,,,,,,,,,,,,,,,,,,,,,,,,,,,,,,,,,,
22.5,-93.5,27.832,27.836,27.84,27.814,27.803,27.795,27.622,27.562,27.529,27.087,26.374,26.068,25.789,25.548,25.096,24.922,24.004,24.114,24.068,23.713,23.462,21.862,20.404,19.009,17.854,16.743,15.849,14.831,13.983,13.241,12.51,11.856,11.255,10.768,10.289,9.843,9.428,8.688,8.059,7.447,6.954,6.545,6.194,5.886,5.614,5.394,5.179,4.985,4.826,4.705,4.54,4.465,4.407,4.375,4.351,4.329,4.317,4.3,4.291,4.285,4.28,4.276,4.274,4.273,4.274,4.274,,,,,,,,,,,,,,,,,,,,,,,,,,,,,,,,,,,,
22.5,-92.5,26.716,26.719,26.735,26.736,26.729,26.696,26.496,26.253,25.81,25.392,24.801,24.505,24.042,23.803,23.67,23.202,22.871,22.538,22.232,21.969,21.682,20.319,18.839,17.64,16.482,15.452,14.594,13.752,12.986,12.31,11.686,11.132,10.63,10.181,9.767,9.351,9.108,8.416,7.817,7.278,6.83,6.485,6.171,5.875,5.636,5.418,5.232,5.025,4.859,4.645,4.545,4.529,4.465,4.412,4.373,4.358,4.289,4.281,4.276,4.267,4.264,4.264,4.264,4.263,4.264,4.266,,,,,,,,,,,,,,,,,,,,,,,,,,,,,,,,,,,,
22.5,-91.5,24.804,24.81,24.81,24.811,24.812,24.813,24.795,24.781,24.776,24.776,24.776,24.773,24.773,24.776,24.775,24.773,24.762,24.738,24.141,23.099,22.81,21.133,19.603,18.534,17.215,16.215,15.382,14.587,13.689,12.889,12.129,11.486,10.773,10.184,9.785,9.34,9.022,8.378,7.766,7.303,6.892,6.461,6.104,5.826,5.576,5.369,5.112,,,,,,,,,,,,,,,,,,,,,,,,,,,,,,,,,,,,,,,,,,,,,,,,,,,,,,,
22.5,-88.5,28.788,28.821,28.652,28.122,,,,,,,,,,,,,,,,,,,,,,,,,,,,,,,,,,,,,,,,,,,,,,,,,,,,,,,,,,,,,,,,,,,,,,,,,,,,,,,,,,,,,,,,,,,,,,,,,,
22.5,-87.5,26.948,26.802,26.701,26.649,26.339,25.78,25.406,24.971,24.385,24.159,24.002,23.948,22.054,,,,,,,,,,,,,,,,,,,,,,,,,,,,,,,,,,,,,,,,,,,,,,,,,,,,,,,,,,,,,,,,,,,,,,,,,,,,,,,,,,,,,,,,,
22.5,-86.5,27.319,27.307,27.302,27.226,27.147,26.943,26.796,26.673,26.519,26.339,25.729,25.56,25.299,24.939,24.806,24.668,24.443,24.202,24.035,23.875,23.312,21.872,21.959,20.305,19.148,17.704,,,,,,,,,,,,,,,,,,,,,,,,,,,,,,,,,,,,,,,,,,,,,,,,,,,,,,,,,,,,,,,,,,,,,,,,,,,,
22.5,-85.5,27.788,27.783,27.733,27.692,27.613,27.556,27.515,27.47,27.087,26.958,27.2,27.134,27.081,27.03,26.966,26.826,26.683,26.551,26.424,26.304,26.156,25.313,24.286,23.089,21.908,20.606,19.471,18.605,17.821,16.961,16.253,15.573,14.853,14.105,13.437,12.793,12.134,10.924,9.891,9.083,8.371,7.734,7.232,6.753,6.343,6.006,5.702,5.452,5.192,4.989,,,,,,,,,,,,,,,,,,,,,,,,,,,,,,,,,,,,,,,,,,,,,,,,,,,,
22.5,-84.5,28.192,28.179,28.115,28.071,28.051,28.023,27.941,27.914,27.871,27.805,27.755,27.666,27.64,27.557,27.477,27.378,27.295,27.197,27.11,27.026,26.946,26.259,25.298,23.989,22.717,21.39,20.26,19.223,18.42,17.74,17.128,16.517,15.836,15.031,14.198,13.478,12.746,11.467,10.422,9.46,8.619,7.867,7.264,6.717,6.297,5.98,5.673,5.426,5.17,4.972,4.816,4.664,4.552,4.475,4.399,4.364,4.344,4.333,4.324,4.31,4.301,4.297,4.293,4.297,4.294,4.293,,,,,,,,,,,,,,,,,,,,,,,,,,,,,,,,,,,,
23.5,-96.5,26.496,26.462,26.445,26.408,26.273,26.057,25.848,25.601,25.301,24.934,24.581,24.26,23.943,23.698,23.391,23.138,22.89,22.652,22.377,22.173,21.906,20.492,19.128,17.805,16.662,15.629,14.71,13.878,13.069,12.382,11.765,11.185,10.668,10.194,9.778,9.394,8.994,8.342,7.774,7.27,6.825,6.438,6.111,5.823,5.567,5.343,5.145,4.967,4.798,4.657,4.544,4.465,4.408,4.363,4.334,4.314,,,,,,,,,,,,,,,,,,,,,,,,,,,,,,,,,,,,,,,,,,,,,,
23.5,-95.5,26.764,26.779,26.727,26.693,26.571,26.369,26.052,25.713,25.373,24.996,24.605,24.356,24.032,23.715,23.436,23.175,22.886,22.625,22.348,22.051,21.793,20.516,19.09,17.789,16.587,15.569,14.653,13.852,13.087,12.402,11.783,11.234,10.708,10.241,9.801,9.411,9.02,8.376,7.783,7.273,6.82,6.445,6.098,5.811,5.563,5.34,5.117,4.934,4.784,4.655,4.558,4.483,4.433,4.391,4.361,4.337,4.321,4.304,4.296,4.289,4.283,4.279,4.277,4.276,4.276,4.276,4.274,,,,,,,,,,,,,,,,,,,,,,,,,,,,,,,,,,,
23.5,-94.5,26.495,26.466,26.455,26.443,26.418,26.319,26.258,26.159,26.042,25.908,25.787,25.695,25.392,25.104,24.886,24.681,24.454,24.198,23.953,23.661,23.448,22.192,20.657,19.203,17.891,16.81,15.812,14.857,14.076,13.3,12.564,11.868,11.272,10.763,10.252,9.845,9.43,8.725,8.085,7.515,7.009,6.59,6.239,5.922,5.655,5.422,5.216,5.019,4.881,4.747,4.616,4.525,4.459,4.414,4.378,4.343,4.325,4.31,4.302,4.294,4.288,4.286,4.283,4.281,4.282,4.282,4.283,,,,,,,,,,,,,,,,,,,,,,,,,,,,,,,,,,,
23.5,-93.5,26.682,26.622,26.615,26.592,26.566,26.527,26.462,26.41,26.366,26.184,25.929,25.44,25.193,25.002,24.83,24.609,24.263,24.04,23.789,23.587,23.36,21.959,20.526,19.136,17.92,16.861,15.895,15.013,14.211,13.442,12.704,12.037,11.402,10.885,10.396,9.966,9.561,8.822,8.164,7.57,7.066,6.637,6.278,5.969,5.696,5.463,5.255,5.08,4.916,4.774,4.642,4.546,4.479,4.427,4.389,4.359,4.337,4.323,4.311,4.302,4.294,4.29,4.287,4.285,4.285,4.284,4.287,,,,,,,,,,,,,,,,,,,,,,,,,,,,,,,,,,,
23.5,-92.5,26.82,26.657,26.648,26.628,26.586,26.584,26.563,26.368,26.193,25.977,25.576,25.356,25.204,24.908,24.561,24.263,24.039,23.815,23.535,23.286,23.016,21.33,19.942,18.734,17.191,16.207,15.28,14.463,13.672,12.936,12.303,11.7,11.158,10.664,10.242,9.842,9.437,8.741,8.044,7.463,7.008,6.6,6.227,5.939,5.673,5.45,5.23,5.042,4.89,4.75,4.636,4.546,4.479,4.43,4.388,4.359,4.328,4.314,4.304,4.295,4.289,4.286,4.283,4.282,4.282,4.282,,,,,,,,,,,,,,,,,,,,,,,,,,,,,,,,,,,,
23.5,-91.5,27.518,27.375,27.3,27.276,27.261,27.152,26.951,26.63,26.218,25.976,25.296,24.772,24.437,24.297,23.868,23.469,23.297,23.021,22.583,22.208,21.841,20.46,19.049,17.833,16.702,15.61,14.605,13.822,13.139,12.387,11.76,11.168,10.671,10.212,9.797,9.373,9.006,8.281,7.669,7.165,6.722,6.349,6.037,5.775,5.544,5.34,5.17,5,4.849,4.712,4.598,4.518,4.459,4.413,4.378,4.353,4.329,4.314,4.302,4.295,4.288,4.285,4.282,4.281,4.279,4.279,,,,,,,,,,,,,,,,,,,,,,,,,,,,,,,,,,,,
23.5,-90.5,28.303,28.299,28.237,28.21,28.199,28.117,28.073,27.911,27.443,27.046,26.52,26.019,25.558,25.096,24.686,24.147,23.854,23.374,22.948,22.542,22.175,20.346,18.905,17.582,16.443,15.372,14.383,13.595,12.838,12.15,11.537,10.949,10.491,10.012,9.587,9.181,8.791,8.101,7.504,7.024,6.615,6.259,5.964,5.703,5.469,5.269,5.075,4.928,4.795,4.675,4.568,4.494,4.44,4.397,4.368,4.346,4.292,,,,,,,,,,,,,,,,,,,,,,,,,,,,,,,,,,,,,,,,,,,,,
23.5,-89.5,28.803,28.835,28.859,28.861,28.826,28.749,28.529,28.045,27.758,27.264,26.811,26.362,25.749,25.245,24.714,24.283,23.851,23.451,23.049,22.607,22.226,20.68,18.759,17.774,16.935,15.95,15.011,13.99,13.102,12.534,11.78,11.219,10.646,10.227,9.755,9.297,8.904,8.222,7.582,7.014,6.593,6.186,6.029,5.775,5.585,5.402,5.272,5.116,4.956,4.808,4.699,4.608,4.525,4.461,4.415,4.383,,,,,,,,,,,,,,,,,,,,,,,,,,,,,,,,,,,,,,,,,,,,,,
23.5,-88.5,27.225,27.247,27.288,27.268,27.206,27.031,26.509,25.97,25.615,25.088,24.555,24.098,23.667,23.614,22.744,21.925,21.562,,,,,,,,,,,,,,,,,,,,,,,,,,,,,,,,,,,,,,,,,,,,,,,,,,,,,,,,,,,,,,,,,,,,,,,,,,,,,,,,,,,,,
23.5,-87.5,25.768,25.718,25.686,25.594,25.547,25.451,25.27,25.142,24.996,24.876,24.711,24.475,24.291,24.12,23.809,23.463,23.088,22.719,22.399,21.965,21.665,19.918,18.76,17.51,16.334,15.286,14.484,13.628,,,,,,,,,,,,,,,,,,,,,,,,,,,,,,,,,,,,,,,,,,,,,,,,,,,,,,,,,,,,,,,,,,,,,,,,,,
23.5,-86.5,27.343,27.276,27.17,27.123,27.056,26.953,26.724,26.485,26.254,26.785,26.711,26.651,26.585,26.459,26.2,25.96,25.722,25.542,25.363,25.213,25.043,24.215,23.32,22.156,20.764,19.62,18.584,17.62,16.828,16.117,15.472,14.836,14.002,13.264,12.61,11.458,10.873,10.036,9.103,8.404,7.829,,,,,,,,,,,,,,,,,,,,,,,,,,,,,,,,,,,,,,,,,,,,,,,,,,,,,,,,,,,,,
23.5,-85.5,27.891,27.859,27.815,27.715,27.582,27.492,27.378,27.265,27.15,26.938,26.781,26.541,26.331,26.146,26.011,25.821,25.674,25.51,25.261,25.025,24.799,23.783,22.792,21.76,20.618,19.433,18.34,17.343,16.562,15.756,15.019,14.315,13.661,12.953,12.261,11.6,11.038,10.067,9.216,8.452,7.869,7.363,6.846,6.397,6.032,5.721,5.479,5.25,5.098,4.871,4.747,4.531,4.448,4.415,4.375,4.362,4.322,4.308,4.302,4.298,4.297,4.296,4.292,4.293,4.294,4.295,,,,,,,,,,,,,,,,,,,,,,,,,,,,,,,,,,,,
23.5,-84.5,27.736,27.76,27.689,27.666,27.664,27.637,27.573,27.516,27.444,27.371,27.268,27.169,27.111,27.032,26.942,26.855,26.753,26.679,26.582,26.485,26.347,25.605,24.532,23.148,21.843,20.53,19.328,18.255,17.423,16.628,15.951,15.219,14.565,13.888,13.201,12.519,11.827,10.709,9.729,8.935,8.196,7.606,6.927,6.501,6.122,5.771,5.499,5.318,5.057,4.874,4.783,4.639,4.539,4.473,4.419,4.378,4.349,4.327,4.315,4.304,4.296,4.292,4.289,4.288,4.286,4.285,,,,,,,,,,,,,,,,,,,,,,,,,,,,,,,,,,,,
23.5,-83.5,27.52,27.514,27.52,27.471,27.424,27.32,27.401,27.298,27.165,27.05,26.861,26.671,26.478,26.261,26.045,25.858,25.637,25.418,25.185,24.997,24.807,23.748,22.387,20.883,19.531,18.557,17.484,16.648,15.829,15.04,14.306,13.618,12.962,12.347,11.744,11.167,10.644,9.691,8.862,8.108,7.51,7.008,6.616,6.206,5.881,5.603,5.417,5.203,4.964,4.799,4.621,4.523,4.44,4.391,4.356,4.329,4.31,4.298,4.289,4.283,4.276,4.271,4.271,4.271,4.268,4.268,4.267,4.272,,,,,,,,,,,,,,,,,,,,,,,,,,,,,,,,,,
23.5,-82.5,27.707,27.701,27.749,27.744,27.721,27.686,27.629,27.503,27.346,27.177,27.026,26.835,26.628,26.373,26.137,25.938,25.739,25.49,25.179,24.931,24.618,23.091,21.824,20.435,19.116,18.034,17.104,16.248,15.434,14.674,13.918,13.22,12.563,11.908,11.283,10.754,10.269,9.328,8.423,7.735,7.195,6.716,6.36,6.043,5.798,5.558,5.302,5.084,4.962,,,,,,,,,,,,,,,,,,,,,,,,,,,,,,,,,,,,,,,,,,,,,,,,,,,,,
23.5,-80.5,27.321,27.328,27.312,27.298,27.292,27.28,27.245,27.216,27.165,27.093,27.033,26.936,26.823,26.663,26.513,26.383,26.298,26.219,26.1,25.99,25.879,25.341,24.085,22.533,21.032,19.818,18.942,18.274,17.453,16.822,16.153,15.548,14.879,14.111,13.372,12.638,11.978,10.884,9.936,9.197,8.412,7.686,7.086,6.567,6.089,5.777,5.471,5.186,4.801,4.767,,,,,,,,,,,,,,,,,,,,,,,,,,,,,,,,,,,,,,,,,,,,,,,,,,,,
23.5,-79.5,28.8,28.821,28.842,28.806,28.8,28.796,28.75,28.55,28.25,27.984,27.521,28.133,26.926,26.726,26.476,26.183,26.045,25.931,25.817,25.701,25.586,24.89,24.03,23.187,22.096,20.979,19.676,18.669,18.079,16.964,16.681,16.538,16.227,15.8,15.124,,,,,,,,,,,,,,,,,,,,,,,,,,,,,,,,,,,,,,,,,,,,,,,,,,,,,,,,,,,,,,,,,,,
23.5,-77.5,27.861,,,,,,,,,,,,,,,,,,,,,,,,,,,,,,,,,,,,,,,,,,,,,,,,,,,,,,,,,,,,,,,,,,,,,,,,,,,,,,,,,,,,,,,,,,,,,,,,,,,,,
24.5,-96.5,26.786,26.703,26.67,26.633,26.592,26.488,26.367,25.687,25.502,25.192,24.843,24.292,23.943,23.605,23.366,23.144,22.932,22.678,22.597,22.351,22.085,20.653,,,,,,,,,,,,,,,,,,,,,,,,,,,,,,,,,,,,,,,,,,,,,,,,,,,,,,,,,,,,,,,,,,,,,,,,,,,,,,,,
24.5,-95.5,26.87,26.876,26.834,26.8,26.733,26.645,26.486,26.392,25.953,25.437,25.068,24.664,24.359,24.091,23.829,23.542,23.288,23.008,22.756,22.494,22.274,20.925,19.576,18.189,17.055,15.999,15.102,14.244,13.448,12.759,12.125,11.537,10.989,10.509,10.011,9.595,9.205,8.509,7.886,7.348,6.878,6.476,6.135,5.83,5.575,5.357,5.13,4.954,4.786,4.658,4.566,4.483,4.422,4.383,4.349,4.331,4.314,4.297,4.288,4.282,4.277,4.273,4.271,4.27,4.269,4.269,4.287,,,,,,,,,,,,,,,,,,,,,,,,,,,,,,,,,,,
24.5,-94.5,26.558,26.525,26.515,26.49,26.467,26.439,26.396,26.331,26.041,25.776,25.486,25.196,24.979,24.75,24.476,24.277,24.008,23.804,23.562,23.282,23.081,21.886,20.578,19.312,18.069,16.966,15.983,15.033,14.165,13.385,12.685,12.037,11.453,10.923,10.445,10.003,9.577,8.843,8.185,7.596,7.09,6.653,6.286,5.959,5.693,5.455,5.245,5.038,4.864,4.729,4.603,4.519,4.457,4.412,4.379,4.354,4.332,4.316,4.304,4.297,4.291,4.287,4.284,4.283,4.282,4.282,4.285,,,,,,,,,,,,,,,,,,,,,,,,,,,,,,,,,,,
24.5,-93.5,27.037,27.025,27.039,26.992,26.946,26.824,26.623,26.314,25.955,25.566,25.262,24.973,24.685,24.36,24.091,23.921,23.595,23.345,23.085,22.801,22.557,21.216,19.824,18.444,17.263,16.187,15.212,14.345,13.547,12.792,12.107,11.531,10.983,10.476,10.008,9.576,9.18,8.47,7.829,7.276,6.795,6.416,6.091,5.802,5.539,5.332,5.14,4.953,4.794,4.663,4.561,4.491,4.437,4.396,4.363,4.341,4.32,4.308,4.299,4.293,4.289,4.286,4.284,4.283,4.283,4.283,4.281,,,,,,,,,,,,,,,,,,,,,,,,,,,,,,,,,,,
24.5,-92.5,26.841,26.738,26.714,26.681,26.613,26.432,26.295,26.132,25.903,25.553,25.255,24.952,24.647,24.313,24.028,23.807,23.577,23.353,23.102,22.888,22.674,21.148,19.736,17.932,16.741,15.824,14.87,14,13.538,12.794,12.118,11.519,10.956,10.45,10.011,9.615,9.214,8.49,7.831,7.287,6.786,6.393,6.051,5.769,5.506,5.282,5.069,4.899,4.752,4.637,4.551,4.478,4.426,4.386,4.357,4.335,4.317,4.309,4.3,4.293,4.287,4.284,4.282,4.28,4.28,4.28,4.287,,,,,,,,,,,,,,,,,,,,,,,,,,,,,,,,,,,
24.5,-91.5,26.596,26.522,26.527,26.491,26.409,26.353,26.108,25.601,25.282,24.902,24.59,24.319,24.045,23.659,23.275,22.995,22.686,22.396,22.16,21.919,21.652,20.223,18.838,17.555,16.462,15.475,14.529,13.676,12.924,12.273,11.614,11.02,10.501,10.024,9.565,9.151,8.75,8.077,7.473,6.968,6.533,6.176,5.876,5.619,5.389,5.194,5.049,4.888,4.752,4.635,4.541,4.476,4.424,4.387,4.358,4.334,4.318,4.306,4.296,4.289,4.284,4.281,4.278,4.277,4.276,4.277,4.276,,,,,,,,,,,,,,,,,,,,,,,,,,,,,,,,,,,
24.5,-90.5,26.854,26.797,26.757,26.723,26.676,26.529,26.159,25.668,25.335,24.915,24.52,24.148,23.698,23.296,22.961,22.566,22.219,21.918,21.586,21.277,20.985,19.509,18.113,16.9,15.854,14.925,14.05,13.247,12.519,11.833,11.236,10.692,10.212,9.768,9.34,8.967,8.593,7.941,7.38,6.89,6.468,6.137,5.852,5.598,5.383,5.188,5.024,4.883,4.744,4.633,4.541,4.473,4.423,4.388,4.361,4.338,4.321,4.306,4.297,4.291,4.286,4.282,4.28,4.279,4.278,4.278,,,,,,,,,,,,,,,,,,,,,,,,,,,,,,,,,,,,
24.5,-89.5,26.92,26.908,26.851,26.786,26.618,26.458,26.297,25.978,25.54,25.116,24.746,24.281,23.892,23.5,23.091,22.794,22.461,22.107,21.775,21.38,20.982,19.428,18.037,16.914,15.89,14.943,14.053,13.285,12.582,11.88,11.251,10.672,10.109,9.615,9.172,8.774,8.406,7.766,7.264,6.779,6.383,6.053,5.781,5.537,5.329,5.139,4.976,4.803,4.678,4.578,4.537,4.472,4.42,4.381,4.352,4.331,4.295,4.292,4.283,4.279,4.275,4.271,4.271,4.271,4.272,4.273,,,,,,,,,,,,,,,,,,,,,,,,,,,,,,,,,,,,
24.5,-88.5,27.125,27.11,27.061,26.934,26.837,26.42,26.047,25.596,25.247,25.322,24.771,24.357,24.004,23.445,23.181,22.712,22.366,21.985,21.604,21.254,20.951,19.609,18.158,16.937,15.831,14.759,13.872,13.092,12.38,11.681,11.05,10.581,9.834,9.396,8.964,8.579,8.235,7.647,7.141,6.719,6.341,6.031,5.769,5.542,5.333,5.152,5.008,4.846,4.706,4.605,4.534,4.471,4.423,4.383,4.357,4.334,4.331,4.314,4.303,4.299,4.295,4.292,,,,,,,,,,,,,,,,,,,,,,,,,,,,,,,,,,,,,,,,
24.5,-87.5,27.593,27.574,27.493,27.398,27.284,27.092,26.866,26.53,26.245,25.856,25.498,25.23,24.966,24.673,24.385,24.081,23.779,23.36,23.068,22.791,22.415,20.756,19.308,18.374,17.354,16.319,15.343,14.538,13.8,13.119,12.457,11.767,11.107,10.551,10.006,9.537,9.145,8.473,7.802,7.175,6.695,6.3,5.966,5.643,5.395,5.199,5.017,4.854,4.69,4.595,4.513,4.455,4.412,4.376,,,,,,,,,,,,,,,,,,,,,,,,,,,,,,,,,,,,,,,,,,,,,,,,
24.5,-86.5,27.951,27.94,27.787,27.721,27.614,27.361,27.078,26.848,26.517,26.196,25.884,25.659,25.395,25.182,24.993,24.796,24.554,24.376,24.425,24.284,24.134,23.019,22.031,20.945,19.637,18.298,17.33,16.428,15.631,14.98,14.304,13.658,12.758,11.993,11.394,10.867,10.545,9.792,8.972,8.29,7.745,7.213,6.747,6.351,5.974,5.676,5.365,5.143,4.893,4.667,4.505,4.424,4.381,4.35,4.327,4.316,4.332,4.316,4.306,4.299,4.293,4.287,4.285,4.284,4.282,4.28,,,,,,,,,,,,,,,,,,,,,,,,,,,,,,,,,,,,
24.5,-85.5,27.77,27.78,27.761,27.736,27.695,27.599,27.468,27.355,27.223,27.077,26.904,26.709,26.564,26.421,26.27,26.11,25.948,25.786,25.604,25.443,25.271,24.341,23.246,21.95,20.771,19.182,18.337,17.421,16.568,15.823,15.113,14.506,13.851,13.17,12.522,11.898,11.372,10.349,9.472,8.728,8.034,7.458,6.957,6.493,6.117,5.8,5.539,5.252,5.069,4.887,4.741,4.612,4.514,4.443,4.398,4.363,4.336,4.325,4.311,4.302,4.294,4.29,4.288,4.286,4.286,4.287,,,,,,,,,,,,,,,,,,,,,,,,,,,,,,,,,,,,
24.5,-84.5,27.119,27.105,27.078,27.001,26.929,26.783,26.578,26.303,26.068,25.808,25.561,25.303,25.041,24.79,24.515,24.268,24.007,23.757,23.518,23.286,23.032,21.508,20.106,18.758,17.506,15.975,14.998,14.302,13.599,12.789,12.098,11.459,10.934,10.437,9.969,9.521,9.048,8.515,7.732,7.237,6.77,6.386,6.11,5.836,5.575,5.361,5.125,4.94,4.739,4.628,4.529,4.458,4.409,4.365,4.343,4.327,4.315,4.308,4.299,4.294,4.29,4.285,4.283,4.282,4.281,4.281,,,,,,,,,,,,,,,,,,,,,,,,,,,,,,,,,,,,
24.5,-83.5,27.336,27.377,27.318,27.227,27.14,26.865,26.642,26.272,25.908,25.507,25.236,24.91,24.604,24.321,,,,,,,,,,,,,,,,,,,,,,,,,,,,,,,,,,,,,,,,,,,,,,,,,,,,,,,,,,,,,,,,,,,,,,,,,,,,,,,,,,,,,,,,
24.5,-82.5,27.273,27.261,27.202,26.973,26.784,26.69,26.495,26.214,26.091,25.707,25.485,25.066,24.614,24.278,23.924,23.559,23.314,22.904,,,,,,,,,,,,,,,,,,,,,,,,,,,,,,,,,,,,,,,,,,,,,,,,,,,,,,,,,,,,,,,,,,,,,,,,,,,,,,,,,,,,
24.5,-81.5,27.319,27.274,27.109,27.039,26.932,27.048,26.811,26.476,26.074,25.659,25.203,24.729,24.295,23.867,23.487,23.018,22.601,22.142,21.663,21.139,20.708,18.574,16.692,15.399,14.536,13.924,13.159,12.444,11.768,11.25,10.763,10.387,10.049,9.739,9.467,9.153,9.084,8.616,8.254,7.855,7.177,,,,,,,,,,,,,,,,,,,,,,,,,,,,,,,,,,,,,,,,,,,,,,,,,,,,,,,,,,,,,
24.5,-80.5,27.337,27.36,27.295,27.248,27.176,27.102,26.945,26.679,26.472,26.299,26.118,25.815,25.548,25.241,24.985,24.67,24.398,24.12,23.793,23.395,23.047,21.857,19.244,17.932,17.023,,,,,,,,,,,,,,,,,,,,,,,,,,,,,,,,,,,,,,,,,,,,,,,,,,,,,,,,,,,,,,,,,,,,,,,,,,,,,
24.5,-79.5,27.527,27.655,27.583,27.549,27.543,27.538,27.503,27.439,28.71,28.529,28.435,28.329,28.105,27.771,27.393,27.132,26.948,26.745,26.545,26.393,26.292,25.226,23.503,21.934,20.8,19.676,19.049,18.731,18.257,17.439,17.402,16.892,16.223,15.545,14.767,14.693,14.291,12.117,,,,,,,,,,,,,,,,,,,,,,,,,,,,,,,,,,,,,,,,,,,,,,,,,,,,,,,,,,,,,,,,
24.5,-76.5,25.886,,,,,,,,,,,,,,,,,,,,,,,,,,,,,,,,,,,,,,,,,,,,,,,,,,,,,,,,,,,,,,,,,,,,,,,,,,,,,,,,,,,,,,,,,,,,,,,,,,,,,
25.5,-96.5,26.332,26.328,26.284,25.942,25.616,25.27,25.63,25.588,25.511,25.383,25.099,24.602,24.102,23.792,23.486,23.185,22.955,,,,,,,,,,,,,,,,,,,,,,,,,,,,,,,,,,,,,,,,,,,,,,,,,,,,,,,,,,,,,,,,,,,,,,,,,,,,,,,,,,,,,
25.5,-95.5,25.873,25.868,25.786,25.789,25.626,25.555,25.314,24.967,24.763,24.488,24.194,24.073,23.703,23.345,23.079,22.745,22.306,21.992,21.682,21.361,20.754,19.188,17.819,16.59,15.497,14.701,13.859,13.095,12.27,11.742,11.202,10.712,10.157,9.732,9.407,9.049,8.632,8.025,7.501,7.015,6.581,6.225,5.938,5.685,5.451,5.237,5.058,4.908,4.762,4.636,4.543,4.467,4.404,4.363,,,,,,,,,,,,,,,,,,,,,,,,,,,,,,,,,,,,,,,,,,,,,,,,
25.5,-94.5,25.942,25.941,25.928,25.766,25.612,25.466,25.282,25.062,24.889,24.687,24.471,24.123,23.749,23.412,23.085,22.766,22.439,22.118,21.817,21.489,21.207,19.596,18.116,16.83,16.022,15.058,14.171,13.34,12.625,12.024,11.428,10.907,10.429,9.978,9.539,9.143,8.762,8.122,7.552,7.053,6.635,6.261,5.955,5.676,5.447,5.245,5.056,4.876,4.718,4.608,4.519,4.452,4.404,4.368,4.341,4.322,4.306,4.294,4.288,4.282,4.278,4.275,4.274,4.273,4.274,4.274,4.275,,,,,,,,,,,,,,,,,,,,,,,,,,,,,,,,,,,
25.5,-93.5,26.481,26.199,26.182,26.148,26.096,25.99,25.841,25.577,25.293,24.999,24.73,24.216,23.838,23.57,23.188,22.862,22.464,22.104,21.788,21.454,21.158,19.83,18.458,17.538,16.2,15.132,14.484,13.676,12.865,12.116,11.551,11.002,10.481,9.935,9.537,9.158,8.772,8.11,7.526,7.023,6.592,6.237,5.927,5.661,5.431,5.256,5.066,4.845,4.725,4.612,4.51,4.456,4.407,4.372,4.345,4.322,4.308,4.299,4.292,4.286,4.281,4.278,4.277,4.276,4.276,4.277,4.278,,,,,,,,,,,,,,,,,,,,,,,,,,,,,,,,,,,
25.5,-92.5,26.446,26.409,26.358,26.283,26.154,26.021,25.813,25.451,25.104,24.754,24.377,23.928,23.521,23.188,22.84,22.509,22.214,21.947,21.664,21.358,21.088,19.613,18.253,17.122,16.07,15.157,14.267,13.5,12.754,12.071,11.475,10.925,10.402,9.941,9.528,9.126,8.755,8.066,7.496,6.991,6.559,6.202,5.903,5.64,5.408,5.209,5.015,4.832,4.693,4.58,4.5,4.433,4.387,4.358,4.336,4.317,4.306,4.295,4.286,4.28,4.275,4.273,4.272,4.271,4.271,4.271,4.269,,,,,,,,,,,,,,,,,,,,,,,,,,,,,,,,,,,
25.5,-91.5,26.669,26.638,26.601,26.544,26.422,26.26,26.08,25.714,25.326,24.958,24.607,24.237,23.918,23.53,23.148,22.804,22.483,22.148,21.822,21.488,21.218,19.782,18.325,17.24,16.202,15.268,14.353,13.525,12.785,12.098,11.468,10.892,10.378,9.922,9.497,9.102,8.722,8.038,7.466,6.962,6.539,6.178,5.894,5.634,5.392,5.185,5.001,4.827,4.699,4.59,4.522,4.456,4.409,4.374,4.347,4.325,4.309,4.302,4.294,4.288,4.283,4.279,4.277,4.276,4.276,4.276,4.278,4.278,4.282,4.284,4.293,4.302,4.311,4.32,4.331,4.341,4.351,4.362,4.374,4.386,,,,,,,,,,,,,,,,,,,,,,
25.5,-90.5,26.516,26.489,26.435,26.35,26.158,25.908,25.628,25.246,24.869,24.381,23.938,23.467,23.056,22.701,22.366,22.088,21.767,21.47,21.122,20.804,20.444,19.043,17.725,16.674,15.683,14.741,13.892,13.11,12.379,11.726,11.133,10.609,10.126,9.69,9.267,8.877,8.509,7.856,7.31,6.832,6.421,6.087,5.805,5.558,5.346,5.147,4.973,4.806,4.675,4.573,4.489,4.432,4.389,4.358,4.335,4.317,4.305,4.296,4.288,4.282,4.278,4.276,4.274,4.273,4.274,4.275,4.267,4.272,4.279,4.285,4.293,4.302,4.311,4.321,4.331,4.342,4.352,4.362,4.374,4.386,,,,,,,,,,,,,,,,,,,,,,
25.5,-89.5,26.305,26.272,26.206,26.145,26.084,25.959,25.802,25.502,25.181,24.784,24.422,24.04,23.679,23.355,23.068,22.752,22.465,22.143,21.807,21.504,21.211,19.736,18.617,17.439,16.341,15.294,14.409,13.627,12.889,12.218,11.625,11.058,10.513,10.028,9.562,9.133,8.752,8.064,7.455,6.962,6.53,6.174,5.876,5.616,5.387,5.166,4.928,4.784,4.671,4.569,4.496,4.436,4.392,4.361,4.336,4.317,4.307,4.299,4.291,4.286,4.282,4.28,4.279,4.277,4.277,4.278,4.278,,,,,,,,,,,,,,,,,,,,,,,,,,,,,,,,,,,
25.5,-88.5,26.474,26.458,26.417,26.371,26.28,26.152,26.01,25.718,25.425,25.157,24.854,24.476,24.208,24.002,23.725,23.541,23.138,22.777,22.405,22.073,21.751,20.422,19.166,17.725,16.498,15.482,14.55,13.76,12.991,12.321,11.698,11.036,10.418,9.911,9.385,9,8.67,8.015,7.454,6.983,6.547,6.207,5.919,5.659,5.439,5.23,4.999,4.843,4.746,4.624,4.525,4.461,4.408,4.373,4.348,4.332,4.311,4.298,4.291,4.286,4.284,4.28,4.276,4.276,4.277,4.278,4.295,4.295,4.294,4.291,4.294,4.298,4.305,4.316,4.326,4.335,4.346,,,,,,,,,,,,,,,,,,,,,,,,,
25.5,-87.5,26.909,26.905,26.871,26.803,26.716,26.626,26.362,26.008,25.609,25.35,25.074,24.877,24.651,24.43,24.196,24.001,23.714,23.432,23.183,22.817,22.605,21.022,19.567,17.793,16.539,15.648,15.195,14.326,13.513,12.813,12.135,11.502,10.953,10.444,9.956,9.505,9.068,8.312,7.708,7.196,6.758,6.339,6.01,5.743,5.493,5.281,5.09,4.92,4.78,4.653,4.546,4.469,4.417,4.378,4.352,4.333,4.324,4.311,4.301,4.294,4.29,4.286,4.283,4.275,4.274,4.276,4.276,,,,,,,,,,,,,,,,,,,,,,,,,,,,,,,,,,,
25.5,-86.5,27.307,27.293,27.268,27.228,27.176,27.102,26.946,26.726,26.388,26.1,25.764,25.489,25.169,24.827,24.431,24.067,23.73,23.412,23.058,22.742,22.401,20.759,19.132,17.919,16.857,15.77,14.785,13.996,13.282,12.601,11.974,11.402,10.812,10.114,9.596,9.334,8.901,8.254,7.576,7.024,6.595,6.23,5.913,5.65,5.401,5.181,4.954,4.798,4.661,4.564,4.493,4.432,4.388,4.354,4.329,4.315,4.301,4.294,4.288,4.285,4.281,4.279,4.275,4.268,4.269,4.27,4.269,,,,,,,,,,,,,,,,,,,,,,,,,,,,,,,,,,,
25.5,-85.5,26.966,26.956,26.943,26.859,26.77,26.628,26.396,26.192,25.919,25.644,25.381,25.119,24.861,24.493,24.207,23.959,23.746,23.333,23.007,22.702,22.428,20.867,18.911,17.554,16.391,15.401,14.491,13.704,12.957,12.225,11.606,11.013,10.478,10.148,9.672,9.233,8.845,8.153,7.569,7.071,6.645,6.249,5.932,5.671,5.452,5.244,5.042,4.842,4.734,4.646,4.489,4.428,4.384,4.354,4.331,4.314,4.302,4.289,4.284,4.28,4.278,4.277,4.276,4.276,4.277,4.278,4.277,,,,,,,,,,,,,,,,,,,,,,,,,,,,,,,,,,,
25.5,-84.5,26.723,26.729,26.63,26.473,26.257,25.971,25.677,25.324,24.902,24.437,23.99,23.286,22.939,22.717,22.364,22.011,21.65,21.321,20.935,20.525,20.519,18.915,17.915,16.956,15.819,14.749,13.91,13.14,12.381,11.723,11.058,10.424,9.857,9.453,9.091,8.763,8.632,8,7.43,6.93,6.552,6.243,5.899,5.64,5.415,5.209,5.015,4.847,4.769,4.633,4.533,4.466,4.41,4.367,4.345,4.33,4.33,4.333,4.329,4.32,4.306,4.305,4.302,4.301,4.295,4.295,4.276,,,,,,,,,,,,,,,,,,,,,,,,,,,,,,,,,,,
25.5,-83.5,27.474,27.415,27.298,27.01,26.702,26.28,25.799,25.111,24.433,23.733,23.072,22.381,21.859,22.319,21.666,21.631,21.258,20.772,20.322,19.749,19.399,18.252,19.76,,,,,,,,,,,,,,,,,,,,,,,,,,,,,,,,,,,,,,,,,,,,,,,,,,,,,,,,,,,,,,,,,,,,,,,,,,,,,,,
25.5,-82.5,28.591,28.558,28.297,27.662,26.826,26.338,25.9,24.515,23.077,22.606,21.767,,,,,,,,,,,,,,,,,,,,,,,,,,,,,,,,,,,,,,,,,,,,,,,,,,,,,,,,,,,,,,,,,,,,,,,,,,,,,,,,,,,,,,,,,,,
25.5,-81.5,28.576,28.542,28.457,27.904,25.208,,,,,,,,,,,,,,,,,,,,,,,,,,,,,,,,,,,,,,,,,,,,,,,,,,,,,,,,,,,,,,,,,,,,,,,,,,,,,,,,,,,,,,,,,,,,,,,,,
25.5,-79.5,27.917,27.941,27.937,27.911,27.85,27.783,27.711,27.598,27.472,27.338,27.185,26.958,26.718,26.5,26.293,26.074,25.747,25.501,25.244,24.89,24.605,23.097,21.953,20.644,19.332,18.228,17.369,16.509,15.706,14.74,13.89,13.063,12.272,11.496,10.83,10.269,9.767,8.907,8.052,7.494,6.918,6.478,6.624,6.552,,,,,,,,,,,,,,,,,,,,,,,,,,,,,,,,,,,,,,,,,,,,,,,,,,,,,,,,,,
25.5,-78.5,26.57,,,,,,,,,,,,,,,,,,,,,,,,,,,,,,,,,,,,,,,,,,,,,,,,,,,,,,,,,,,,,,,,,,,,,,,,,,,,,,,,,,,,,,,,,,,,,,,,,,,,,
25.5,-76.5,26.675,,,,,,,,,,,,,,,,,,,,,,,,,,,,,,,,,,,,,,,,,,,,,,,,,,,,,,,,,,,,,,,,,,,,,,,,,,,,,,,,,,,,,,,,,,,,,,,,,,,,,
26.5,-96.5,27.052,27.019,26.883,26.658,26.382,25.974,25.528,25.105,24.573,24.085,23.64,23.067,22.56,22.141,,,,,,,,,,,,,,,,,,,,,,,,,,,,,,,,,,,,,,,,,,,,,,,,,,,,,,,,,,,,,,,,,,,,,,,,,,,,,,,,,,,,,,,,
26.5,-95.5,25.95,25.922,25.875,25.839,25.809,25.724,25.509,25.051,24.736,24.417,24.069,23.603,23.262,22.915,22.626,22.349,22.016,21.703,21.349,21.045,20.726,19.077,17.451,15.974,14.78,13.633,12.762,12.013,11.336,10.789,10.346,9.864,9.401,8.968,8.64,8.326,8.023,7.519,7.053,6.661,6.292,5.984,5.72,5.487,5.27,5.083,4.926,4.778,4.655,4.55,,,,,,,,,,,,,,,,,,,,,,,,,,,,,,,,,,,,,,,,,,,,,,,,,,,,
26.5,-94.5,25.912,25.912,25.889,25.831,25.776,25.663,25.514,25.285,25.027,24.701,24.435,24.184,23.84,23.553,23.22,22.947,22.653,22.39,21.981,21.588,21.31,19.657,18.166,16.801,15.586,14.611,13.77,12.994,12.323,11.687,11.14,10.614,10.095,9.689,9.278,8.899,8.519,7.905,7.365,6.904,6.52,6.195,5.911,5.655,5.438,5.236,5.042,4.859,4.709,4.593,4.496,4.433,4.386,4.351,4.319,4.303,4.295,4.282,4.277,4.272,4.268,,,,,,,,,,,,,,,,,,,,,,,,,,,,,,,,,,,,,,,,,
26.5,-93.5,26.416,26.409,26.375,26.315,26.246,26.165,26.042,25.895,25.652,25.369,24.968,24.594,24.202,23.91,23.612,23.328,22.977,22.59,22.176,21.844,21.553,19.849,18.394,17.033,15.937,14.954,14.01,13.17,12.433,11.779,11.204,10.675,10.187,9.738,9.323,8.949,8.586,7.961,7.417,6.957,6.554,6.211,5.943,5.688,5.46,5.254,5.086,4.922,4.769,4.638,4.533,4.455,4.398,4.364,4.329,4.306,4.306,4.288,4.281,4.279,4.275,4.272,,,,,,,,,,,,,,,,,,,,,,,,,,,,,,,,,,,,,,,,
26.5,-92.5,26.28,26.261,26.195,26.137,26.047,25.893,25.717,25.394,25.024,24.623,24.21,23.795,23.412,23.056,22.696,22.385,22.052,21.726,21.437,21.037,20.768,19.389,18.063,16.815,15.943,15.018,14.104,13.314,12.585,11.918,11.331,10.774,10.269,9.806,9.378,8.99,8.639,7.994,7.439,6.969,6.556,6.211,5.924,5.663,5.435,5.234,5.016,4.841,4.708,4.593,4.535,4.462,4.407,4.366,4.333,4.308,4.3,4.279,4.264,4.26,4.256,4.253,4.251,4.251,4.253,4.256,4.262,,,,,,,,,,,,,,,,,,,,,,,,,,,,,,,,,,,
26.5,-91.5,26.146,26.108,26.103,26.046,25.941,25.792,25.464,25.072,24.71,24.295,23.898,23.503,23.129,22.708,22.334,22.017,21.721,21.435,21.111,20.828,20.611,19.313,18.003,16.811,15.748,14.79,13.936,13.112,12.382,11.73,11.132,10.597,10.117,9.671,9.243,8.863,8.5,7.87,7.313,6.85,6.449,6.112,5.827,5.579,5.353,5.144,4.962,4.806,4.671,4.563,4.49,4.427,4.378,4.344,4.317,4.297,4.282,4.269,4.258,4.251,4.247,4.246,4.249,4.25,4.251,4.254,4.26,4.271,4.403,,,,,,,,,,,,,,,,,,,,,,,,,,,,,,,,,
26.5,-90.5,26.498,26.466,26.395,26.334,26.227,26.056,25.888,25.626,25.332,24.908,24.43,23.986,23.586,23.169,22.769,22.393,22.057,21.751,21.406,21.095,20.81,19.294,17.914,16.709,15.785,14.797,13.932,13.129,12.376,11.702,11.085,10.549,10.078,9.605,9.177,8.831,8.472,7.82,7.266,6.795,6.403,6.081,5.796,5.554,5.326,5.127,4.966,4.811,4.674,4.563,4.498,4.432,4.383,4.349,4.326,4.31,4.297,4.286,4.276,4.268,4.265,4.263,4.262,4.262,4.263,4.265,4.264,4.269,4.274,4.279,4.287,4.298,4.308,4.317,4.328,4.339,4.35,4.363,,,,,,,,,,,,,,,,,,,,,,,,
26.5,-89.5,25.992,25.978,25.935,25.882,25.791,25.671,25.533,25.313,25.076,24.72,24.374,23.934,23.58,23.247,22.93,22.576,22.232,21.883,21.489,21.161,20.864,19.481,18.16,16.906,15.84,14.833,13.94,13.135,12.41,11.745,11.17,10.669,10.18,9.738,9.297,8.897,8.526,7.885,7.343,6.859,6.453,6.11,5.811,5.549,5.318,5.109,4.9,4.753,4.615,4.519,4.467,4.412,4.372,4.343,4.321,4.306,4.293,4.285,4.278,4.274,4.27,4.268,4.267,4.266,4.266,4.268,4.26,4.265,4.27,4.277,4.285,4.294,4.309,4.319,4.328,4.34,4.352,,,,,,,,,,,,,,,,,,,,,,,,,
26.5,-88.5,26.378,26.359,26.252,26.169,26.066,25.925,25.741,25.429,25.084,24.675,24.322,23.927,23.561,23.247,22.941,22.632,22.314,21.96,21.643,21.279,20.969,19.623,18.377,17.147,16.084,15.054,14.161,13.338,12.578,11.889,11.266,10.719,10.199,9.711,9.264,8.856,8.52,7.855,7.303,6.804,6.394,6.059,5.735,5.489,5.265,5.069,4.906,4.765,4.649,4.547,4.473,4.414,4.372,4.341,4.321,4.304,4.286,4.283,4.277,4.271,4.266,4.263,4.263,4.262,4.262,4.263,4.26,4.257,4.264,4.278,4.285,4.292,4.306,4.317,,,,,,,,,,,,,,,,,,,,,,,,,,,,
26.5,-87.5,26.63,26.635,26.597,26.545,26.469,26.368,26.226,25.983,25.663,25.346,25.011,24.638,24.344,24.064,23.661,23.303,22.963,22.659,22.376,22.094,21.803,20.312,18.842,17.544,16.323,15.323,14.423,13.617,12.867,12.182,11.544,10.951,10.419,9.932,9.542,9.123,8.689,7.949,7.357,6.877,6.457,6.097,5.792,5.539,5.309,5.108,4.939,4.771,4.684,4.585,4.502,4.44,4.394,4.36,4.335,4.311,4.3,4.29,4.283,4.277,4.274,4.272,4.27,4.27,4.27,4.27,4.275,4.277,4.282,4.288,4.295,4.302,4.31,4.32,4.33,4.341,,,,,,,,,,,,,,,,,,,,,,,,,,
26.5,-86.5,27.102,27.156,27,26.954,26.878,26.759,26.633,26.429,26.148,25.87,25.572,25.277,24.94,24.613,24.212,23.786,23.41,23.05,22.728,22.393,22.074,20.465,18.91,17.526,16.42,15.196,14.241,13.363,12.53,11.809,11.16,10.523,10.009,9.644,9.139,8.762,8.385,7.827,7.262,6.777,6.418,6.037,5.712,5.477,5.265,5.08,4.924,4.759,4.63,4.534,4.464,4.411,4.374,4.346,4.326,4.311,4.304,4.292,4.286,4.282,4.279,4.277,4.275,4.276,4.277,4.278,4.285,,,,,,,,,,,,,,,,,,,,,,,,,,,,,,,,,,,
26.5,-85.5,26.936,26.939,26.918,26.803,26.666,26.477,26.264,25.938,25.585,25.129,24.699,24.279,23.845,23.483,23.083,22.685,22.312,21.945,21.614,21.268,20.952,19.4,18.129,16.952,15.837,14.772,13.91,13.14,12.443,11.81,11.201,10.627,10.127,9.669,9.257,8.868,8.547,7.894,7.348,6.882,6.503,6.159,5.862,5.611,5.381,5.194,5.077,4.897,4.77,4.656,4.576,4.497,4.433,4.388,4.356,4.343,4.323,4.302,4.294,4.289,4.284,4.282,4.281,4.281,4.281,4.282,4.29,,,,,,,,,,,,,,,,,,,,,,,,,,,,,,,,,,,
26.5,-84.5,28.077,28.129,28.008,27.882,27.63,27.263,26.801,26.153,25.497,24.895,24.369,23.936,23.344,22.919,22.565,22.169,21.747,21.365,20.986,20.941,20.363,19.231,18.013,16.956,16.043,15.165,14.562,13.829,13.203,12.529,12.065,10.606,10.189,9.739,9.335,9.021,8.584,7.865,7.432,7.008,6.617,6.34,5.997,5.694,5.473,5.002,4.823,4.656,4.53,4.453,,,,,,,,,,,,,,,,,,,,,,,,,,,,,,,,,,,,,,,,,,,,,,,,,,,,
26.5,-83.5,27.346,27.312,27.208,26.846,26.366,25.354,24.075,23.194,22.46,21.919,21.483,21.261,21.066,20.94,20.574,20.301,19.871,19.714,19.338,19.143,18.885,18.265,,,,,,,,,,,,,,,,,,,,,,,,,,,,,,,,,,,,,,,,,,,,,,,,,,,,,,,,,,,,,,,,,,,,,,,,,,,,,,,,
26.5,-82.5,28.557,28.484,28.392,27.503,26.564,25.254,23.865,,,,,,,,,,,,,,,,,,,,,,,,,,,,,,,,,,,,,,,,,,,,,,,,,,,,,,,,,,,,,,,,,,,,,,,,,,,,,,,,,,,,,,,,,,,,,,,
26.5,-79.5,27.378,27.45,27.417,27.381,27.339,27.281,27.21,27.11,27.006,26.889,26.751,26.604,26.437,26.263,26.091,25.905,25.722,25.517,25.32,25.108,24.912,23.74,22.415,21.156,20.011,19.107,18.357,17.727,17.194,16.615,16.029,15.396,14.701,13.959,13.283,12.565,11.604,10.518,9.738,8.873,8.144,7.983,,,,,,,,,,,,,,,,,,,,,,,,,,,,,,,,,,,,,,,,,,,,,,,,,,,,,,,,,,,,
26.5,-76.5,26.525,26.49,26.395,26.349,26.289,26.193,26.065,25.926,25.763,25.591,25.382,25.176,24.983,24.781,24.605,24.412,24.232,24.065,23.892,23.725,23.547,22.716,21.936,21.175,20.504,19.956,19.511,19.134,18.814,18.547,18.312,18.088,17.863,17.605,17.281,16.904,16.46,15.442,14.281,13.068,11.858,10.687,9.555,8.571,7.66,6.886,6.259,5.776,5.423,5.126,4.901,4.719,4.566,4.44,4.334,4.238,4.154,4.083,4.01,3.944,3.885,3.83,3.778,3.723,3.67,3.618,3.571,3.477,3.389,3.305,3.217,3.126,3.037,2.948,2.859,2.773,2.691,2.62,2.557,2.496,2.448,2.408,2.373,2.346,2.325,2.31,2.298,2.286,2.28,2.275,2.272,2.268,2.262,2.252,2.245,,,,,,,
27.5,-96.5,26.977,26.958,26.848,26.63,26.403,26.118,25.833,25.371,24.831,24.29,23.951,,,,,,,,,,,,,,,,,,,,,,,,,,,,,,,,,,,,,,,,,,,,,,,,,,,,,,,,,,,,,,,,,,,,,,,,,,,,,,,,,,,,,,,,,,,
27.5,-95.5,25.917,25.895,25.812,25.697,25.537,25.311,25.021,24.61,24.227,23.817,23.424,22.96,22.632,,,,,,,,,,,,,,,,,,,,,,,,,,,,,,,,,,,,,,,,,,,,,,,,,,,,,,,,,,,,,,,,,,,,,,,,,,,,,,,,,,,,,,,,,
27.5,-94.5,25.658,25.638,25.624,25.553,25.472,25.34,25.115,24.811,24.353,23.907,23.508,23.06,22.699,22.391,22.098,21.83,21.585,21.393,21.16,20.902,20.652,19.149,17.851,16.639,15.608,14.773,13.896,13.16,12.469,11.845,11.254,10.763,10.247,9.797,9.473,9.094,8.752,8.105,7.492,7.009,6.637,6.297,5.99,5.752,5.545,5.345,5.174,5.004,4.888,,,,,,,,,,,,,,,,,,,,,,,,,,,,,,,,,,,,,,,,,,,,,,,,,,,,,
27.5,-93.5,26.124,26.114,26.102,25.976,25.804,25.629,25.431,25.113,24.711,24.274,23.898,23.492,23.176,22.843,22.525,22.15,21.839,21.556,21.26,21.01,20.726,,,,,,,,,,,,,,,,,,,,,,,,,,,,,,,,,,,,,,,,,,,,,,,,,,,,,,,,,,,,,,,,,,,,,,,,,,,,,,,,,
27.5,-92.5,26.252,26.243,26.224,26.157,26.064,25.893,25.624,25.192,24.77,24.36,23.923,23.514,23.13,22.815,22.533,22.258,21.984,21.632,21.355,21.034,20.733,19.254,17.951,16.644,15.499,14.553,13.662,12.876,12.13,11.491,10.918,10.409,9.949,9.509,9.123,8.766,8.427,7.831,7.321,,,,,,,,,,,,,,,,,,,,,,,,,,,,,,,,,,,,,,,,,,,,,,,,,,,,,,,,,,,,,,,
27.5,-91.5,26.23,26.245,26.163,26.09,25.979,25.764,25.522,25.186,24.795,24.38,23.92,23.477,23.12,22.814,22.49,22.197,21.901,21.607,21.293,20.992,20.714,19.295,18.018,16.875,15.85,14.889,14.035,13.22,12.469,11.74,11.111,10.545,10.063,9.642,9.222,8.834,8.44,7.802,7.277,6.837,6.456,6.116,5.832,,,,,,,,,,,,,,,,,,,,,,,,,,,,,,,,,,,,,,,,,,,,,,,,,,,,,,,,,,,
27.5,-90.5,26.011,25.994,25.931,25.847,25.728,25.529,25.268,24.849,24.47,24.094,23.744,23.353,22.979,22.658,22.372,22.019,21.678,21.4,21.134,20.854,20.576,19.257,18.005,16.888,15.894,15.019,14.196,13.409,12.713,12.063,11.475,10.929,10.418,9.947,9.504,9.114,8.684,8.025,7.465,6.964,6.559,6.208,5.921,5.663,5.443,5.237,5.034,4.886,4.767,4.647,4.536,4.469,4.407,4.358,,,,,,,,,,,,,,,,,,,,,,,,,,,,,,,,,,,,,,,,,,,,,,,,
27.5,-89.5,26.098,26.077,26.01,25.924,25.795,25.555,25.212,24.772,24.342,23.985,23.654,23.305,22.979,22.621,22.295,21.993,21.676,21.359,21.056,20.724,20.327,19.069,17.799,16.684,15.698,14.837,14.006,13.228,12.513,11.867,11.281,10.745,10.238,9.796,9.374,8.986,8.628,7.967,7.406,6.919,6.518,6.177,5.905,5.643,5.417,5.214,5.018,4.856,,,,,,,,,,,,,,,,,,,,,,,,,,,,,,,,,,,,,,,,,,,,,,,,,,,,,,
27.5,-88.5,26.406,26.358,26.238,26.079,25.898,25.598,25.247,24.792,24.338,23.927,23.534,23.187,22.859,22.573,22.292,21.996,21.668,21.345,21.039,20.742,20.481,19.136,17.828,16.686,15.711,14.731,13.918,13.151,12.451,11.8,11.205,10.675,10.174,9.727,9.316,8.925,8.572,7.909,7.343,6.855,6.446,6.104,5.828,5.591,5.371,5.162,4.99,4.831,4.703,4.595,4.505,4.445,4.396,4.361,4.335,4.315,4.304,4.292,4.284,4.277,4.273,4.271,4.269,4.267,4.266,4.267,4.274,4.276,4.283,4.293,,,,,,,,,,,,,,,,,,,,,,,,,,,,,,,,
27.5,-87.5,25.763,25.765,25.83,25.65,25.438,25.199,24.935,24.579,24.212,23.822,23.451,23.125,22.783,22.459,22.111,21.81,21.515,21.241,20.986,20.73,20.505,19.212,17.932,16.806,15.74,14.885,14.066,13.306,12.579,11.848,11.246,10.726,10.231,9.739,9.326,8.917,8.552,7.904,7.347,6.871,6.47,6.123,5.834,5.582,5.364,5.177,4.973,4.826,4.696,4.582,4.495,4.435,4.39,4.359,4.335,4.314,4.305,4.294,4.286,4.28,4.276,4.273,4.272,4.268,4.269,4.269,4.266,4.263,4.273,4.273,4.279,4.287,,,,,,,,,,,,,,,,,,,,,,,,,,,,,,
27.5,-86.5,26.426,26.47,26.399,26.307,26.104,25.843,25.528,25.099,24.631,24.168,23.728,23.09,22.662,22.469,22.085,21.745,21.408,21.082,20.755,20.46,20.194,18.751,17.49,16.37,15.385,14.534,13.671,12.9,12.17,11.536,10.948,10.44,9.932,9.427,8.999,8.616,8.268,7.695,7.165,6.706,6.323,6.004,5.724,5.491,5.29,5.118,4.964,4.805,4.67,4.57,4.494,4.434,4.395,4.364,4.34,4.323,4.314,4.317,4.307,4.302,4.298,4.294,4.281,4.279,4.28,4.28,4.27,,,,,,,,,,,,,,,,,,,,,,,,,,,,,,,,,,,
27.5,-85.5,27.206,27.219,27.151,26.992,26.733,26.303,25.708,25.152,24.642,24.159,23.674,23.143,22.706,22.314,21.939,21.611,21.273,20.916,20.564,20.26,19.957,18.708,17.54,16.507,15.499,14.539,13.72,12.972,12.28,11.684,11.125,10.573,10.031,9.636,9.215,8.855,8.461,7.825,7.293,6.832,6.46,6.134,5.864,5.609,5.4,5.209,5.096,4.927,4.798,4.656,4.593,4.514,4.45,4.405,4.373,4.347,4.333,4.327,4.315,4.309,4.304,4.301,4.296,4.294,4.292,4.291,,,,,,,,,,,,,,,,,,,,,,,,,,,,,,,,,,,,
27.5,-84.5,27.149,27.081,26.891,26.595,26.165,25.469,24.801,24.082,23.42,22.909,22.491,21.572,21.215,21.324,20.922,20.736,20.603,20.377,20.22,20.046,19.817,18.231,17.598,16.762,16.037,15.682,15.058,15.437,,,,,,,,,,,,,,,,,,,,,,,,,,,,,,,,,,,,,,,,,,,,,,,,,,,,,,,,,,,,,,,,,,,,,,,,,,
27.5,-83.5,26.88,26.822,26.714,26.396,25.922,25.084,24.364,23.461,22.556,21.934,,,,,,,,,,,,,,,,,,,,,,,,,,,,,,,,,,,,,,,,,,,,,,,,,,,,,,,,,,,,,,,,,,,,,,,,,,,,,,,,,,,,,,,,,,,,
27.5,-79.5,27.468,27.499,27.469,27.444,27.405,27.344,27.272,27.184,27.064,26.946,26.809,26.648,26.485,26.303,26.107,25.902,25.668,25.431,25.218,25.007,24.829,23.567,22.188,20.919,19.809,18.951,18.269,17.698,17.172,16.595,15.975,15.287,14.639,13.967,13.289,12.636,11.794,10.808,9.896,8.974,8.444,,,,,,,,,,,,,,,,,,,,,,,,,,,,,,,,,,,,,,,,,,,,,,,,,,,,,,,,,,,,,
27.5,-78.5,26.65,26.641,26.559,26.496,26.428,26.357,26.266,26.176,26.082,25.962,25.828,25.675,25.47,25.275,25.101,24.931,24.759,24.557,24.406,24.215,24.04,23.04,22.108,21.256,20.57,19.975,19.495,19.1,18.773,,,,,,,,,,,,,,,,,,,,,,,,,,,,,,,,,,,,,,,,,,,,,,,,,,,,,,,,,,,,,,,,,,,,,,,,,
27.5,-77.5,26.05,26.051,26.212,26.154,26.089,25.977,25.896,25.799,25.68,25.505,25.29,25.07,24.86,24.675,24.456,24.254,24.078,23.897,23.74,23.566,23.402,22.611,21.878,21.166,20.466,19.884,19.39,18.981,18.668,18.41,18.177,17.94,17.701,17.414,17.101,16.744,16.341,15.404,14.284,13.105,11.917,10.725,9.574,8.583,7.665,6.771,5.962,5.435,4.957,4.756,,,,,,,,,,,,,,,,,,,,,,,,,,,,,,,,,,,,,,,,,,,,,,,,,,,,
27.5,-76.5,26.263,26.263,26.166,26.12,26.071,25.965,25.834,25.652,25.436,25.207,25.011,24.861,24.676,24.466,24.274,24.094,23.919,23.755,23.58,23.388,23.224,22.438,21.694,20.986,20.389,19.856,19.425,19.048,18.735,18.571,18.34,18.127,17.93,17.697,17.438,17.127,16.768,15.923,14.96,13.847,12.682,11.501,9.991,8.92,7.901,7.087,6.377,5.732,5.289,5.012,4.785,4.605,4.479,4.356,4.268,4.195,4.099,4.055,4.004,3.924,3.86,3.786,3.718,3.657,3.572,3.53,3.5,3.402,,,,,,,,,,,,,,,,,,,,,,,,,,,,,,,,,,
28.5,-94.5,25.113,25.085,25.007,24.83,24.61,24.306,23.973,23.533,23.08,23.019,22.74,22.224,,,,,,,,,,,,,,,,,,,,,,,,,,,,,,,,,,,,,,,,,,,,,,,,,,,,,,,,,,,,,,,,,,,,,,,,,,,,,,,,,,,,,,,,,,
28.5,-93.5,25.884,25.849,25.798,25.574,25.267,25.323,24.966,24.49,23.97,23.448,22.872,22.305,21.96,,,,,,,,,,,,,,,,,,,,,,,,,,,,,,,,,,,,,,,,,,,,,,,,,,,,,,,,,,,,,,,,,,,,,,,,,,,,,,,,,,,,,,,,,
28.5,-92.5,26.641,26.594,26.462,26.338,26.135,25.771,25.198,24.6,24.062,,,,,,,,,,,,,,,,,,,,,,,,,,,,,,,,,,,,,,,,,,,,,,,,,,,,,,,,,,,,,,,,,,,,,,,,,,,,,,,,,,,,,,,,,,,,,
28.5,-91.5,25.834,25.767,25.516,25.295,25.092,24.942,25.212,24.727,24.146,23.523,22.876,22.437,22.098,21.779,21.286,20.998,20.684,20.361,20.092,19.879,19.513,,,,,,,,,,,,,,,,,,,,,,,,,,,,,,,,,,,,,,,,,,,,,,,,,,,,,,,,,,,,,,,,,,,,,,,,,,,,,,,,,
28.5,-90.5,24.94,24.932,24.891,24.824,24.802,,,,,,,,,,,,,,,,,,,,,,,,,,,,,,,,,,,,,,,,,,,,,,,,,,,,,,,,,,,,,,,,,,,,,,,,,,,,,,,,,,,,,,,,,,,,,,,,,
28.5,-89.5,25.81,25.751,25.658,25.496,25.232,24.814,24.408,23.943,23.496,23.127,22.781,22.509,22.206,21.881,21.569,21.248,20.934,20.657,20.387,20.119,19.864,18.74,17.659,16.609,,,,,,,,,,,,,,,,,,,,,,,,,,,,,,,,,,,,,,,,,,,,,,,,,,,,,,,,,,,,,,,,,,,,,,,,,,,,,,
28.5,-88.5,25.785,25.768,25.607,25.422,25.213,24.893,24.488,24.002,23.51,23.016,22.576,22.182,21.84,21.533,21.27,21.022,20.781,20.554,20.326,20.092,19.867,18.751,17.617,16.551,15.578,14.701,13.864,13.099,12.426,11.768,11.186,10.666,10.177,9.732,9.315,8.939,8.59,7.954,7.381,6.902,6.513,6.192,5.916,5.677,5.456,5.262,5.087,4.919,,,,,,,,,,,,,,,,,,,,,,,,,,,,,,,,,,,,,,,,,,,,,,,,,,,,,,
28.5,-87.5,25.429,25.414,25.309,25.208,25.047,24.826,24.593,24.166,23.734,23.312,22.905,22.543,22.19,21.854,21.537,21.236,20.941,20.652,20.393,20.132,19.886,18.691,17.566,16.511,15.526,14.653,13.842,13.092,12.418,11.8,11.227,10.7,10.24,9.796,9.373,8.991,8.631,7.984,7.438,6.958,6.548,6.216,5.933,5.691,5.48,5.288,5.113,4.944,4.798,4.671,4.59,4.507,4.446,4.401,4.372,4.347,4.328,4.308,4.298,4.291,4.285,4.282,4.278,4.275,4.274,4.274,4.274,,,,,,,,,,,,,,,,,,,,,,,,,,,,,,,,,,,
28.5,-86.5,25.745,25.778,25.74,25.63,25.452,25.192,24.821,24.457,24.05,23.62,23.206,22.84,22.494,22.214,21.944,21.661,21.395,21.12,20.868,20.618,20.355,19.133,17.936,16.884,15.861,14.965,14.119,13.341,12.645,11.967,11.382,10.837,10.351,9.864,9.463,9.058,8.683,7.967,7.383,6.896,6.462,6.086,5.832,5.614,5.466,5.296,5.145,,,,,,,,,,,,,,,,,,,,,,,,,,,,,,,,,,,,,,,,,,,,,,,,,,,,,,,
28.5,-85.5,26.609,26.584,26.444,26.185,25.781,25.321,24.829,24.345,24.001,23.581,23.187,22.826,22.465,22.101,21.863,21.536,21.245,20.96,20.641,20.36,20.105,18.938,17.878,16.856,15.741,14.886,13.957,13.395,12.85,12.148,,,,,,,,,,,,,,,,,,,,,,,,,,,,,,,,,,,,,,,,,,,,,,,,,,,,,,,,,,,,,,,,,,,,,,,,
28.5,-84.5,26.491,26.473,26.371,25.974,25.197,24.354,23.636,23.116,22.623,22.161,21.888,21.545,,,,,,,,,,,,,,,,,,,,,,,,,,,,,,,,,,,,,,,,,,,,,,,,,,,,,,,,,,,,,,,,,,,,,,,,,,,,,,,,,,,,,,,,,,
28.5,-83.5,27.141,27.088,26.921,26.393,25.563,23.711,23.363,21.933,,,,,,,,,,,,,,,,,,,,,,,,,,,,,,,,,,,,,,,,,,,,,,,,,,,,,,,,,,,,,,,,,,,,,,,,,,,,,,,,,,,,,,,,,,,,,,
28.5,-79.5,27.136,27.198,27.197,27.183,27.165,27.158,27.111,27.046,26.977,26.889,26.773,26.615,26.471,26.321,26.172,25.956,25.715,25.514,25.375,25.162,24.878,23.773,22.673,21.612,20.605,19.767,19.016,18.428,17.928,17.456,16.996,16.503,15.943,15.333,14.801,14.305,13.669,12.474,11.296,10.283,9.417,8.774,8.093,,,,,,,,,,,,,,,,,,,,,,,,,,,,,,,,,,,,,,,,,,,,,,,,,,,,,,,,,,,
28.5,-78.5,26.357,26.357,26.271,26.182,26.074,26.015,25.955,25.777,25.577,25.407,25.207,25.046,24.884,24.716,24.568,24.427,24.295,24.148,24.01,23.831,23.657,22.869,22.005,21.253,20.597,20.054,19.602,19.177,18.864,18.595,18.379,18.17,17.947,17.722,17.469,17.167,16.817,15.765,14.669,13.414,12.174,10.923,9.55,8.544,7.697,,,,,,,,,,,,,,,,,,,,,,,,,,,,,,,,,,,,,,,,,,,,,,,,,,,,,,,,,
28.5,-77.5,26.267,26.221,26.125,26.03,25.979,25.88,25.745,25.595,25.41,25.214,25.006,24.832,24.665,24.5,24.336,24.172,23.999,23.832,23.672,23.52,23.378,22.563,21.839,21.19,20.549,19.936,19.453,19.072,18.744,18.463,18.224,18.009,17.803,17.619,17.361,17.005,16.657,15.799,14.848,13.758,12.603,11.409,10.191,9.104,8.006,6.83,6.087,5.447,,,,,,,,,,,,,,,,,,,,,,,,,,,,,,,,,,,,,,,,,,,,,,,,,,,,,,
28.5,-76.5,26.284,26.263,26.091,26.053,25.985,25.888,25.814,25.673,25.456,25.214,24.934,24.741,24.493,24.259,24.067,23.879,23.695,23.512,23.336,23.15,22.989,22.102,21.372,20.698,20.131,19.626,19.276,18.961,18.671,18.462,18.265,18.079,17.913,17.712,17.486,17.219,16.908,16.148,15.179,14.068,12.883,11.7,10.563,9.463,8.411,7.544,6.757,6.131,5.547,5.233,5.159,4.911,4.792,4.649,4.525,4.42,4.304,4.2,4.119,4.056,3.983,3.911,3.84,3.776,3.714,3.655,3.62,3.517,,,,,,,,,,,,,,,,,,,,,,,,,,,,,,,,,,
29.5,-87.5,25.238,25.149,25.092,24.874,24.625,24.268,23.839,23.445,22.996,,,,,,,,,,,,,,,,,,,,,,,,,,,,,,,,,,,,,,,,,,,,,,,,,,,,,,,,,,,,,,,,,,,,,,,,,,,,,,,,,,,,,,,,,,,,,
29.5,-86.5,25.515,25.425,25.344,25.168,24.894,24.46,23.982,23.528,23.174,22.793,22.434,22.078,21.737,21.393,21.069,20.775,20.459,20.126,19.813,19.521,19.256,18.038,16.95,15.906,15.078,14.225,,,,,,,,,,,,,,,,,,,,,,,,,,,,,,,,,,,,,,,,,,,,,,,,,,,,,,,,,,,,,,,,,,,,,,,,,,,,
29.5,-85.5,24.681,24.629,24.553,24.276,23.962,23.589,23.192,23.163,23.217,22.665,22.041,21.59,,,,,,,,,,,,,,,,,,,,,,,,,,,,,,,,,,,,,,,,,,,,,,,,,,,,,,,,,,,,,,,,,,,,,,,,,,,,,,,,,,,,,,,,,,
29.5,-83.5,28.558,28.515,28.416,27.228,28.296,27.341,,,,,,,,,,,,,,,,,,,,,,,,,,,,,,,,,,,,,,,,,,,,,,,,,,,,,,,,,,,,,,,,,,,,,,,,,,,,,,,,,,,,,,,,,,,,,,,,
29.5,-80.5,26.181,26.173,26.076,25.92,25.088,24.758,25.087,25.163,25.243,24.917,,,,,,,,,,,,,,,,,,,,,,,,,,,,,,,,,,,,,,,,,,,,,,,,,,,,,,,,,,,,,,,,,,,,,,,,,,,,,,,,,,,,,,,,,,,,
29.5,-79.5,27.151,27.173,27.128,27.092,27.05,27.011,26.953,26.863,26.763,26.657,26.547,26.427,26.278,26.098,25.931,25.744,25.558,25.343,25.139,24.901,24.651,23.403,22.162,21.112,20.174,19.414,18.754,18.201,17.628,17.102,16.469,15.889,15.382,14.844,14.286,13.566,12.971,12.051,11.033,10.026,9.374,8.903,8.263,,,,,,,,,,,,,,,,,,,,,,,,,,,,,,,,,,,,,,,,,,,,,,,,,,,,,,,,,,,
29.5,-78.5,26.171,26.224,26.087,26.032,25.96,25.871,25.793,25.642,25.488,25.272,25.112,24.958,24.791,24.687,24.625,24.455,24.266,23.989,23.824,23.663,23.49,22.626,21.843,21.148,20.519,19.971,19.467,19.074,18.714,18.387,18.093,17.774,17.48,17.149,16.802,16.505,16.096,15.153,14.117,12.804,11.441,10.091,7.498,7.897,,,,,,,,,,,,,,,,,,,,,,,,,,,,,,,,,,,,,,,,,,,,,,,,,,,,,,,,,,
29.5,-77.5,26.015,26.017,26.161,26.124,26.041,25.927,25.848,25.77,25.675,25.576,25.46,25.338,25.206,25.046,24.862,24.708,24.524,24.303,24.136,23.988,23.839,23.12,22.364,21.52,20.652,19.963,19.393,18.952,18.576,18.224,17.897,17.57,17.22,16.859,16.478,16.068,15.627,14.616,13.486,12.364,11.167,9.901,8.772,7.848,7.261,,,,,,,,,,,,,,,,,,,,,,,,,,,,,,,,,,,,,,,,,,,,,,,,,,,,,,,,,
29.5,-76.5,25.893,25.869,25.71,25.669,25.593,25.531,25.412,25.237,25.048,24.888,24.589,24.522,24.272,23.966,23.835,23.666,23.499,23.296,23.047,22.85,22.679,21.901,21.2,20.596,20.099,19.707,19.381,19.068,18.817,18.591,18.401,18.212,18.029,17.827,17.599,17.342,17.047,16.275,15.3,14.196,13.022,11.799,10.54,9.442,8.43,7.433,6.627,6.089,5.571,5.23,5.169,4.971,4.785,4.634,4.502,4.415,4.324,4.23,4.138,4.075,3.997,3.921,3.859,3.806,3.743,3.694,3.662,3.573,3.481,,,,,,,,,,,,,,,,,,,,,,,,,,,,,,,,,
30.5,-80.5,25.509,25.678,25.373,25.164,25.001,24.682,24.615,24.606,24.129,,,,,,,,,,,,,,,,,,,,,,,,,,,,,,,,,,,,,,,,,,,,,,,,,,,,,,,,,,,,,,,,,,,,,,,,,,,,,,,,,,,,,,,,,,,,,
30.5,-79.5,27.146,27.166,27.134,27.088,27.026,26.944,26.863,26.753,26.634,26.48,26.442,26.243,26.056,25.822,25.572,25.32,25.099,24.908,24.667,24.362,24.242,22.876,21.614,20.284,19.191,18.676,17.997,17.32,16.905,16.451,16.061,15.448,14.992,14.502,14.001,13.45,12.96,11.904,10.927,10.081,9.244,8.751,8.028,,,,,,,,,,,,,,,,,,,,,,,,,,,,,,,,,,,,,,,,,,,,,,,,,,,,,,,,,,,
30.5,-78.5,26.084,26.137,26.181,26.156,26.121,26.061,25.963,25.849,25.72,25.595,25.475,25.324,25.168,25.006,24.835,24.658,24.486,24.311,24.13,23.967,23.792,22.916,22.002,21.332,20.746,20.251,19.799,19.425,19.097,18.807,18.556,18.312,18.066,17.829,17.577,17.29,16.985,16.206,15.264,14.199,12.846,11.489,9.799,,,,,,,,,,,,,,,,,,,,,,,,,,,,,,,,,,,,,,,,,,,,,,,,,,,,,,,,,,,
30.5,-77.5,25.656,25.672,25.523,25.481,25.431,25.307,25.167,25.058,24.904,24.747,24.633,24.489,24.306,24.113,23.917,23.733,23.556,23.394,23.225,23.066,22.854,22.096,21.29,20.638,20.11,19.65,19.283,18.954,18.679,18.42,18.178,17.935,17.741,17.478,17.236,16.947,16.603,15.741,14.718,13.607,12.402,11.118,9.73,8.514,7.421,,,,,,,,,,,,,,,,,,,,,,,,,,,,,,,,,,,,,,,,,,,,,,,,,,,,,,,,,
30.5,-76.5,25.034,25.038,24.934,24.877,24.779,24.663,24.523,24.386,24.204,24.014,23.821,23.624,23.486,23.356,23.209,23.045,22.926,22.793,22.622,22.478,22.33,21.589,20.935,20.406,19.919,19.537,19.189,18.902,18.664,18.45,18.264,18.094,17.901,17.698,17.481,17.231,16.941,16.209,15.281,14.193,13.043,11.822,10.56,9.395,8.301,7.399,6.581,6.055,5.667,5.313,5.005,4.747,4.605,4.471,4.357,4.257,4.172,4.1,4.034,3.983,3.906,3.835,3.774,3.738,3.674,3.624,3.525,,,,,,,,,,,,,,,,,,,,,,,,,,,,,,,,,,,
31.5,-80.5,26.66,26.622,26.438,26.334,25.639,,,,,,,,,,,,,,,,,,,,,,,,,,,,,,,,,,,,,,,,,,,,,,,,,,,,,,,,,,,,,,,,,,,,,,,,,,,,,,,,,,,,,,,,,,,,,,,,,
31.5,-79.5,26.617,26.643,26.599,26.499,26.357,26.212,25.959,25.812,25.698,25.503,,,,,,,,,,,,,,,,,,,,,,,,,,,,,,,,,,,,,,,,,,,,,,,,,,,,,,,,,,,,,,,,,,,,,,,,,,,,,,,,,,,,,,,,,,,,
31.5,-78.5,26.969,27.01,27.001,26.984,26.947,26.893,26.831,26.761,26.667,26.528,26.388,26.236,26.05,25.814,25.584,25.342,25.134,24.932,24.721,24.537,24.333,23.059,21.853,20.466,19.401,18.389,17.506,16.853,16.221,15.751,14.984,15.094,14.9,14.572,14.232,13.971,13.759,13.461,13.267,,,,,,,,,,,,,,,,,,,,,,,,,,,,,,,,,,,,,,,,,,,,,,,,,,,,,,,,,,,,,,,
31.5,-77.5,26.196,26.228,26.115,26.091,26.075,26.122,26.072,25.936,25.815,25.699,25.585,25.456,25.299,25.16,25.028,24.857,24.67,24.504,24.38,24.241,24.071,23.285,22.486,21.716,21.004,20.384,19.827,19.339,18.917,18.471,18.108,17.802,17.525,17.25,16.923,16.566,16.173,15.242,14.24,13.103,11.775,10.559,9.145,,,,,,,,,,,,,,,,,,,,,,,,,,,,,,,,,,,,,,,,,,,,,,,,,,,,,,,,,,,
31.5,-76.5,25.627,25.618,25.481,25.445,25.386,25.274,25.146,24.986,24.833,24.674,24.537,24.418,24.276,24.133,23.962,23.804,23.673,23.483,23.308,23.149,22.989,22.208,21.449,20.803,20.262,19.822,19.436,19.112,18.849,18.612,18.412,18.22,18.021,17.816,17.59,17.32,17.003,16.107,15.129,14.019,12.838,11.617,10.387,9.293,8.288,7.4,6.523,6.001,5.556,5.236,4.937,4.76,4.607,4.481,4.383,4.263,4.174,4.11,4.044,3.974,3.897,3.83,3.764,3.717,3.666,3.609,3.375,,,,,,,,,,,,,,,,,,,,,,,,,,,,,,,,,,,
32.5,-78.5,25.114,25.187,25.08,25.018,24.908,24.76,24.579,24.482,24.212,24.172,23.951,23.642,23.448,23.141,22.806,22.606,22.37,22.116,21.821,21.546,21.37,19.882,18.668,17.584,15.927,14.758,14.138,13.156,12.604,,,,,,,,,,,,,,,,,,,,,,,,,,,,,,,,,,,,,,,,,,,,,,,,,,,,,,,,,,,,,,,,,,,,,,,,,
32.5,-77.5,26.036,26.1,26.09,26.045,25.95,25.786,25.662,25.462,25.277,25.104,24.934,24.747,24.533,24.314,24.102,24.07,23.822,23.608,23.417,23.242,23.061,22.089,20.883,19.661,18.387,17.446,16.873,16.182,15.152,15.057,14.577,14.118,13.623,,,,,,,,,,,,,,,,,,,,,,,,,,,,,,,,,,,,,,,,,,,,,,,,,,,,,,,,,,,,,,,,,,,,,
32.5,-76.5,26,26.058,26.035,26.022,25.997,25.947,25.893,25.811,25.72,25.609,25.478,25.378,25.251,25.124,24.995,24.851,24.695,24.514,24.338,24.159,23.988,23.082,22.162,21.341,20.619,19.971,19.451,19.002,18.592,18.274,17.859,17.496,17.158,16.801,16.428,16.07,15.607,14.663,13.629,12.642,11.497,10.521,9.436,8.443,7.494,,,,,,,,,,,,,,,,,,,,,,,,,,,,,,,,,,,,,,,,,,,,,,,,,,,,,,,,,
33.5,-77.5,24.263,24.259,24.164,23.99,23.765,23.507,23.091,23.142,,,,,,,,,,,,,,,,,,,,,,,,,,,,,,,,,,,,,,,,,,,,,,,,,,,,,,,,,,,,,,,,,,,,,,,,,,,,,,,,,,,,,,,,,,,,,,
33.5,-76.5,25.515,25.788,25.8,25.804,25.784,25.661,25.514,25.306,25.234,,,,,,,,,,,,,,,,,,,,,,,,,,,,,,,,,,,,,,,,,,,,,,,,,,,,,,,,,,,,,,,,,,,,,,,,,,,,,,,,,,,,,,,,,,,,,
